image_name,dr_grade,referable_dr,condition,condition_label,level,normalization,probability_referable_dr,prediction,confidence,quality_score,quality_gate,prediction_flip_vs_clean,absolute_probability_shift_vs_clean
IDRiD_001,4,1,none,clean,0,False,0.22933099267825235,0,0.7706690073217477,61.2,review,0,0.0
IDRiD_002,4,1,none,clean,0,False,0.6598471209534195,1,0.6598471209534195,81.4,pass,0,0.0
IDRiD_003,4,1,none,clean,0,False,0.813482300798313,1,0.813482300798313,84.9,pass,0,0.0
IDRiD_004,4,1,none,clean,0,False,0.5029563009209765,1,0.5029563009209765,97.2,pass,0,0.0
IDRiD_005,4,1,none,clean,0,False,0.5769395277047829,1,0.5769395277047829,85.4,review,0,0.0
IDRiD_006,3,1,none,clean,0,False,0.7161523670905037,1,0.7161523670905037,97.9,pass,0,0.0
IDRiD_007,3,1,none,clean,0,False,0.8946586672798473,1,0.8946586672798473,92.5,pass,0,0.0
IDRiD_008,2,1,none,clean,0,False,0.40087198167419313,0,0.5991280183258069,97.7,pass,0,0.0
IDRiD_009,2,1,none,clean,0,False,0.8607087187540156,1,0.8607087187540156,90.7,review,0,0.0
IDRiD_010,2,1,none,clean,0,False,0.6247560436761216,1,0.6247560436761216,97.0,pass,0,0.0
IDRiD_011,2,1,none,clean,0,False,0.6677360143342935,1,0.6677360143342935,88.9,pass,0,0.0
IDRiD_012,2,1,none,clean,0,False,0.4288012491777963,0,0.5711987508222037,98.4,pass,0,0.0
IDRiD_013,3,1,none,clean,0,False,0.9165562525802955,1,0.9165562525802955,92.6,pass,0,0.0
IDRiD_014,3,1,none,clean,0,False,0.9629642294422446,1,0.9629642294422446,90.5,review,0,0.0
IDRiD_015,2,1,none,clean,0,False,0.9522929123947428,1,0.9522929123947428,93.9,pass,0,0.0
IDRiD_016,3,1,none,clean,0,False,0.8988762110149311,1,0.8988762110149311,94.3,pass,0,0.0
IDRiD_017,2,1,none,clean,0,False,0.5053048533970573,1,0.5053048533970573,84.5,review,0,0.0
IDRiD_018,3,1,none,clean,0,False,0.601475171866127,1,0.601475171866127,95.9,pass,0,0.0
IDRiD_019,2,1,none,clean,0,False,0.72528106499462,1,0.72528106499462,95.9,pass,0,0.0
IDRiD_020,2,1,none,clean,0,False,0.43047516608822267,0,0.5695248339117773,97.1,pass,0,0.0
IDRiD_021,3,1,none,clean,0,False,0.9871204527265552,1,0.9871204527265552,93.1,pass,0,0.0
IDRiD_022,3,1,none,clean,0,False,0.9791036046316088,1,0.9791036046316088,92.0,review,0,0.0
IDRiD_023,2,1,none,clean,0,False,0.45481001143209393,0,0.5451899885679061,92.8,review,0,0.0
IDRiD_024,2,1,none,clean,0,False,0.8686752253554963,1,0.8686752253554963,75.8,review,0,0.0
IDRiD_025,3,1,none,clean,0,False,0.8087085906684542,1,0.8087085906684542,94.1,pass,0,0.0
IDRiD_026,3,1,none,clean,0,False,0.7239074693442582,1,0.7239074693442582,95.2,pass,0,0.0
IDRiD_027,3,1,none,clean,0,False,0.8557875884652603,1,0.8557875884652603,89.9,review,0,0.0
IDRiD_028,2,1,none,clean,0,False,0.9007302842864362,1,0.9007302842864362,97.9,pass,0,0.0
IDRiD_029,0,0,none,clean,0,False,0.15902259809736322,0,0.8409774019026368,90.2,pass,0,0.0
IDRiD_030,0,0,none,clean,0,False,0.2131850185237545,0,0.7868149814762455,97.4,pass,0,0.0
IDRiD_031,3,1,none,clean,0,False,0.7937338019655661,1,0.7937338019655661,98.1,pass,0,0.0
IDRiD_032,4,1,none,clean,0,False,0.7658141422839535,1,0.7658141422839535,98.0,pass,0,0.0
IDRiD_033,2,1,none,clean,0,False,0.6728107203918896,1,0.6728107203918896,95.0,pass,0,0.0
IDRiD_034,3,1,none,clean,0,False,0.7327701423129414,1,0.7327701423129414,99.7,pass,0,0.0
IDRiD_035,3,1,none,clean,0,False,0.6330760774183323,1,0.6330760774183323,99.5,pass,0,0.0
IDRiD_036,3,1,none,clean,0,False,0.7825789814542679,1,0.7825789814542679,93.9,pass,0,0.0
IDRiD_037,0,0,none,clean,0,False,0.4766510001289281,0,0.5233489998710719,98.0,pass,0,0.0
IDRiD_038,0,0,none,clean,0,False,0.6992050901937813,1,0.6992050901937813,93.8,pass,0,0.0
IDRiD_039,0,0,none,clean,0,False,0.8165750480902456,1,0.8165750480902456,95.5,pass,0,0.0
IDRiD_040,4,1,none,clean,0,False,0.8981844721061307,1,0.8981844721061307,95.4,pass,0,0.0
IDRiD_041,0,0,none,clean,0,False,0.7252941383131839,1,0.7252941383131839,88.8,review,0,0.0
IDRiD_042,3,1,none,clean,0,False,0.9574453265035846,1,0.9574453265035846,91.4,review,0,0.0
IDRiD_043,0,0,none,clean,0,False,0.5835336893461234,1,0.5835336893461234,93.4,pass,0,0.0
IDRiD_044,0,0,none,clean,0,False,0.3156512029011675,0,0.6843487970988325,97.9,pass,0,0.0
IDRiD_045,0,0,none,clean,0,False,0.7154322694294841,1,0.7154322694294841,95.3,pass,0,0.0
IDRiD_046,2,1,none,clean,0,False,0.8167464206731175,1,0.8167464206731175,87.4,review,0,0.0
IDRiD_047,0,0,none,clean,0,False,0.6299444794042264,1,0.6299444794042264,98.3,pass,0,0.0
IDRiD_048,4,1,none,clean,0,False,0.8683245753881554,1,0.8683245753881554,87.4,review,0,0.0
IDRiD_049,2,1,none,clean,0,False,0.5361751070172815,1,0.5361751070172815,94.0,pass,0,0.0
IDRiD_050,0,0,none,clean,0,False,0.6772994978585455,1,0.6772994978585455,94.8,review,0,0.0
IDRiD_051,2,1,none,clean,0,False,0.5105419668099912,1,0.5105419668099912,84.3,pass,0,0.0
IDRiD_052,0,0,none,clean,0,False,0.8662833773641081,1,0.8662833773641081,94.4,pass,0,0.0
IDRiD_053,4,1,none,clean,0,False,0.8660569079530239,1,0.8660569079530239,98.4,pass,0,0.0
IDRiD_054,0,0,none,clean,0,False,0.8580845668571749,1,0.8580845668571749,85.9,review,0,0.0
IDRiD_055,0,0,none,clean,0,False,0.5992684929075567,1,0.5992684929075567,97.9,pass,0,0.0
IDRiD_056,0,0,none,clean,0,False,0.5540751118647405,1,0.5540751118647405,96.1,pass,0,0.0
IDRiD_057,4,1,none,clean,0,False,0.8845513544021678,1,0.8845513544021678,98.8,pass,0,0.0
IDRiD_058,0,0,none,clean,0,False,0.6565853886198673,1,0.6565853886198673,97.7,pass,0,0.0
IDRiD_059,2,1,none,clean,0,False,0.8462454108162782,1,0.8462454108162782,95.7,pass,0,0.0
IDRiD_060,3,1,none,clean,0,False,0.14479193054541714,0,0.8552080694545828,98.2,pass,0,0.0
IDRiD_061,4,1,none,clean,0,False,0.9336350984915229,1,0.9336350984915229,92.4,pass,0,0.0
IDRiD_062,4,1,none,clean,0,False,0.9314356272736237,1,0.9314356272736237,95.4,pass,0,0.0
IDRiD_063,1,0,none,clean,0,False,0.5335851243793795,1,0.5335851243793795,92.7,pass,0,0.0
IDRiD_064,3,1,none,clean,0,False,0.6920184176023316,1,0.6920184176023316,97.9,pass,0,0.0
IDRiD_065,2,1,none,clean,0,False,0.8649064650939995,1,0.8649064650939995,94.4,review,0,0.0
IDRiD_066,3,1,none,clean,0,False,0.7523636413943505,1,0.7523636413943505,92.4,pass,0,0.0
IDRiD_067,2,1,none,clean,0,False,0.9278860105462033,1,0.9278860105462033,90.8,pass,0,0.0
IDRiD_068,0,0,none,clean,0,False,0.8558734541676769,1,0.8558734541676769,94.9,review,0,0.0
IDRiD_069,0,0,none,clean,0,False,0.57039770259311,1,0.57039770259311,90.1,pass,0,0.0
IDRiD_070,0,0,none,clean,0,False,0.7299903066831951,1,0.7299903066831951,91.0,pass,0,0.0
IDRiD_071,0,0,none,clean,0,False,0.2080167109815958,0,0.7919832890184042,87.4,review,0,0.0
IDRiD_072,2,1,none,clean,0,False,0.9780841168840253,1,0.9780841168840253,94.8,pass,0,0.0
IDRiD_073,1,0,none,clean,0,False,0.7561816109749002,1,0.7561816109749002,89.7,pass,0,0.0
IDRiD_074,1,0,none,clean,0,False,0.45161513782736334,0,0.5483848621726366,98.3,pass,0,0.0
IDRiD_075,0,0,none,clean,0,False,0.3643984882622716,0,0.6356015117377284,92.3,review,0,0.0
IDRiD_076,2,1,none,clean,0,False,0.47382846008293245,0,0.5261715399170676,95.2,pass,0,0.0
IDRiD_077,0,0,none,clean,0,False,0.7136721281435349,1,0.7136721281435349,97.3,pass,0,0.0
IDRiD_078,0,0,none,clean,0,False,0.49073254190865434,0,0.5092674580913457,97.9,pass,0,0.0
IDRiD_079,2,1,none,clean,0,False,0.5350449174313443,1,0.5350449174313443,99.1,pass,0,0.0
IDRiD_080,0,0,none,clean,0,False,0.3340499582623169,0,0.6659500417376831,96.0,pass,0,0.0
IDRiD_081,2,1,none,clean,0,False,0.7652362539721069,1,0.7652362539721069,89.5,review,0,0.0
IDRiD_082,2,1,none,clean,0,False,0.5801743730980066,1,0.5801743730980066,93.8,pass,0,0.0
IDRiD_083,2,1,none,clean,0,False,0.37616392925604636,0,0.6238360707439536,84.4,review,0,0.0
IDRiD_084,2,1,none,clean,0,False,0.38447222654202173,0,0.6155277734579783,97.0,pass,0,0.0
IDRiD_085,1,0,none,clean,0,False,0.887664105441847,1,0.887664105441847,92.2,review,0,0.0
IDRiD_086,2,1,none,clean,0,False,0.647684252655755,1,0.647684252655755,98.6,pass,0,0.0
IDRiD_087,4,1,none,clean,0,False,0.947281938841899,1,0.947281938841899,94.4,pass,0,0.0
IDRiD_088,2,1,none,clean,0,False,0.7236827943813998,1,0.7236827943813998,98.9,pass,0,0.0
IDRiD_089,2,1,none,clean,0,False,0.7081216641302979,1,0.7081216641302979,98.4,pass,0,0.0
IDRiD_090,0,0,none,clean,0,False,0.20100262149432493,0,0.7989973785056751,94.2,pass,0,0.0
IDRiD_091,2,1,none,clean,0,False,0.9328658103012473,1,0.9328658103012473,95.0,pass,0,0.0
IDRiD_092,0,0,none,clean,0,False,0.12173360230170834,0,0.8782663976982916,75.4,review,0,0.0
IDRiD_093,0,0,none,clean,0,False,0.8020999616462083,1,0.8020999616462083,84.0,review,0,0.0
IDRiD_094,0,0,none,clean,0,False,0.7604951147065057,1,0.7604951147065057,93.1,pass,0,0.0
IDRiD_095,0,0,none,clean,0,False,0.47975638729136716,0,0.5202436127086328,95.5,pass,0,0.0
IDRiD_096,0,0,none,clean,0,False,0.5129165601455734,1,0.5129165601455734,98.9,pass,0,0.0
IDRiD_097,0,0,none,clean,0,False,0.5450301622075979,1,0.5450301622075979,92.1,pass,0,0.0
IDRiD_098,0,0,none,clean,0,False,0.03331569140756411,0,0.9666843085924359,68.7,review,0,0.0
IDRiD_099,0,0,none,clean,0,False,0.21815803226758174,0,0.7818419677324182,97.6,pass,0,0.0
IDRiD_100,2,1,none,clean,0,False,0.7805032346724692,1,0.7805032346724692,93.0,pass,0,0.0
IDRiD_101,1,0,none,clean,0,False,0.7931773828688531,1,0.7931773828688531,94.4,pass,0,0.0
IDRiD_102,2,1,none,clean,0,False,0.9524406378180565,1,0.9524406378180565,87.3,review,0,0.0
IDRiD_103,0,0,none,clean,0,False,0.6383862891601886,1,0.6383862891601886,98.7,pass,0,0.0
IDRiD_001,4,1,underexposure,underexposure_level_1,1,False,0.004175414739474293,0,0.9958245852605258,52.9,fail,0,0.22515557793877805
IDRiD_002,4,1,underexposure,underexposure_level_1,1,False,0.28645164818232155,0,0.7135483518176784,66.7,review,1,0.3733954727710979
IDRiD_003,4,1,underexposure,underexposure_level_1,1,False,0.5054952277883209,1,0.5054952277883209,69.6,review,0,0.30798707300999206
IDRiD_004,4,1,underexposure,underexposure_level_1,1,False,0.24884539461032418,0,0.7511546053896758,86.0,review,1,0.25411090631065236
IDRiD_005,4,1,underexposure,underexposure_level_1,1,False,0.07824644743962988,0,0.9217535525603702,68.8,review,1,0.49869308026515297
IDRiD_006,3,1,underexposure,underexposure_level_1,1,False,0.36027631362730633,0,0.6397236863726936,80.4,review,1,0.35587605346319734
IDRiD_007,3,1,underexposure,underexposure_level_1,1,False,0.7468308076677374,1,0.7468308076677374,76.5,review,0,0.14782785961210998
IDRiD_008,2,1,underexposure,underexposure_level_1,1,False,0.7713789627289793,1,0.7713789627289793,82.8,review,1,0.3705069810547862
IDRiD_009,2,1,underexposure,underexposure_level_1,1,False,0.525457141262498,1,0.525457141262498,74.6,review,0,0.33525157749151757
IDRiD_010,2,1,underexposure,underexposure_level_1,1,False,0.4501613538407786,0,0.5498386461592214,84.5,review,1,0.174594689835343
IDRiD_011,2,1,underexposure,underexposure_level_1,1,False,0.13232096379392472,0,0.8676790362060753,71.3,review,1,0.5354150505403688
IDRiD_012,2,1,underexposure,underexposure_level_1,1,False,0.48409482139022464,0,0.5159051786097754,86.7,review,0,0.055293572212428366
IDRiD_013,3,1,underexposure,underexposure_level_1,1,False,0.94653845751749,1,0.94653845751749,87.3,review,0,0.0299822049371945
IDRiD_014,3,1,underexposure,underexposure_level_1,1,False,0.8768512232260264,1,0.8768512232260264,87.2,review,0,0.0861130062162182
IDRiD_015,2,1,underexposure,underexposure_level_1,1,False,0.7840969450903886,1,0.7840969450903886,76.1,review,0,0.16819596730435415
IDRiD_016,3,1,underexposure,underexposure_level_1,1,False,0.7178667889820618,1,0.7178667889820618,77.9,review,0,0.1810094220328693
IDRiD_017,2,1,underexposure,underexposure_level_1,1,False,0.33105028164269934,0,0.6689497183573007,66.6,review,1,0.174254571754358
IDRiD_018,3,1,underexposure,underexposure_level_1,1,False,0.638480792181873,1,0.638480792181873,92.7,pass,0,0.03700562031574606
IDRiD_019,2,1,underexposure,underexposure_level_1,1,False,0.877950731154962,1,0.877950731154962,87.3,review,0,0.15266966616034205
IDRiD_020,2,1,underexposure,underexposure_level_1,1,False,0.6636659147415956,1,0.6636659147415956,88.8,pass,1,0.23319074865337297
IDRiD_021,3,1,underexposure,underexposure_level_1,1,False,0.911007791883782,1,0.911007791883782,87.7,review,0,0.07611266084277324
IDRiD_022,3,1,underexposure,underexposure_level_1,1,False,0.9207203429136713,1,0.9207203429136713,87.8,pass,0,0.05838326171793751
IDRiD_023,2,1,underexposure,underexposure_level_1,1,False,0.4526851419796264,0,0.5473148580203736,79.2,review,0,0.002124869452467537
IDRiD_024,2,1,underexposure,underexposure_level_1,1,False,0.6289981883698529,1,0.6289981883698529,63.4,review,0,0.23967703698564347
IDRiD_025,3,1,underexposure,underexposure_level_1,1,False,0.8830713737356806,1,0.8830713737356806,89.3,pass,0,0.07436278306722632
IDRiD_026,3,1,underexposure,underexposure_level_1,1,False,0.9315593135605,1,0.9315593135605,89.1,review,0,0.20765184421624183
IDRiD_027,3,1,underexposure,underexposure_level_1,1,False,0.8243635179958122,1,0.8243635179958122,93.9,pass,0,0.03142407046944806
IDRiD_028,2,1,underexposure,underexposure_level_1,1,False,0.7481494361633214,1,0.7481494361633214,89.3,pass,0,0.1525808481231148
IDRiD_029,0,0,underexposure,underexposure_level_1,1,False,0.4819569614461928,0,0.5180430385538072,87.3,review,0,0.32293436334882963
IDRiD_030,0,0,underexposure,underexposure_level_1,1,False,0.421905667944117,0,0.578094332055883,87.0,pass,0,0.2087206494203625
IDRiD_031,3,1,underexposure,underexposure_level_1,1,False,0.6108399611958459,1,0.6108399611958459,81.0,review,0,0.18289384076972015
IDRiD_032,4,1,underexposure,underexposure_level_1,1,False,0.6257781134535619,1,0.6257781134535619,83.2,review,0,0.14003602883039157
IDRiD_033,2,1,underexposure,underexposure_level_1,1,False,0.9438060585529084,1,0.9438060585529084,86.5,review,0,0.27099533816101884
IDRiD_034,3,1,underexposure,underexposure_level_1,1,False,0.6683887498883785,1,0.6683887498883785,86.0,pass,0,0.06438139242456287
IDRiD_035,3,1,underexposure,underexposure_level_1,1,False,0.543906648509283,1,0.543906648509283,90.0,pass,0,0.08916942890904922
IDRiD_036,3,1,underexposure,underexposure_level_1,1,False,0.7967363147631519,1,0.7967363147631519,88.0,pass,0,0.014157333308884024
IDRiD_037,0,0,underexposure,underexposure_level_1,1,False,0.43171401698094164,0,0.5682859830190583,87.5,pass,0,0.04493698314798644
IDRiD_038,0,0,underexposure,underexposure_level_1,1,False,0.4506027431363619,0,0.549397256863638,77.5,review,1,0.2486023470574194
IDRiD_039,0,0,underexposure,underexposure_level_1,1,False,0.5268010108135691,1,0.5268010108135691,79.9,review,0,0.2897740372766765
IDRiD_040,4,1,underexposure,underexposure_level_1,1,False,0.8325274662327266,1,0.8325274662327266,82.6,review,0,0.06565700587340417
IDRiD_041,0,0,underexposure,underexposure_level_1,1,False,0.44001482278566595,0,0.559985177214334,90.7,pass,1,0.28527931552751795
IDRiD_042,3,1,underexposure,underexposure_level_1,1,False,0.9110411373727745,1,0.9110411373727745,83.1,review,0,0.046404189130810125
IDRiD_043,0,0,underexposure,underexposure_level_1,1,False,0.39928315977128126,0,0.6007168402287187,90.8,pass,1,0.18425052957484211
IDRiD_044,0,0,underexposure,underexposure_level_1,1,False,0.19178487051800464,0,0.8082151294819954,89.7,pass,0,0.12386633238316286
IDRiD_045,0,0,underexposure,underexposure_level_1,1,False,0.760619851090771,1,0.760619851090771,80.4,review,0,0.04518758166128689
IDRiD_046,2,1,underexposure,underexposure_level_1,1,False,0.7712804065174332,1,0.7712804065174332,93.0,pass,0,0.0454660141556843
IDRiD_047,0,0,underexposure,underexposure_level_1,1,False,0.6128235090130205,1,0.6128235090130205,83.7,review,0,0.01712097039120586
IDRiD_048,4,1,underexposure,underexposure_level_1,1,False,0.651707867151199,1,0.651707867151199,89.5,pass,0,0.21661670823695645
IDRiD_049,2,1,underexposure,underexposure_level_1,1,False,0.21624895764335988,0,0.7837510423566401,77.6,review,1,0.31992614937392166
IDRiD_050,0,0,underexposure,underexposure_level_1,1,False,0.6756128434250442,1,0.6756128434250442,84.2,review,0,0.0016866544335012446
IDRiD_051,2,1,underexposure,underexposure_level_1,1,False,0.5415685569988083,1,0.5415685569988083,66.2,review,0,0.03102659018881715
IDRiD_052,0,0,underexposure,underexposure_level_1,1,False,0.8472839715806719,1,0.8472839715806719,83.9,review,0,0.018999405783436174
IDRiD_053,4,1,underexposure,underexposure_level_1,1,False,0.7596552355568666,1,0.7596552355568666,84.0,pass,0,0.10640167239615728
IDRiD_054,0,0,underexposure,underexposure_level_1,1,False,0.5415875837218607,1,0.5415875837218607,94.5,pass,0,0.31649698313531427
IDRiD_055,0,0,underexposure,underexposure_level_1,1,False,0.482631033165123,0,0.517368966834877,82.3,review,1,0.11663745974243367
IDRiD_056,0,0,underexposure,underexposure_level_1,1,False,0.40994484681509674,0,0.5900551531849032,89.4,pass,1,0.1441302650496437
IDRiD_057,4,1,underexposure,underexposure_level_1,1,False,0.6584724705580421,1,0.6584724705580421,83.2,pass,0,0.22607888384412567
IDRiD_058,0,0,underexposure,underexposure_level_1,1,False,0.3965144857803889,0,0.6034855142196112,80.1,review,1,0.26007090283947837
IDRiD_059,2,1,underexposure,underexposure_level_1,1,False,0.8047511185870633,1,0.8047511185870633,78.0,review,0,0.04149429222921497
IDRiD_060,3,1,underexposure,underexposure_level_1,1,False,0.2253484151302838,0,0.7746515848697162,86.7,pass,0,0.08055648458486667
IDRiD_061,4,1,underexposure,underexposure_level_1,1,False,0.8005674860475441,1,0.8005674860475441,80.2,review,0,0.1330676124439788
IDRiD_062,4,1,underexposure,underexposure_level_1,1,False,0.849348214977873,1,0.849348214977873,84.8,review,0,0.08208741229575067
IDRiD_063,1,0,underexposure,underexposure_level_1,1,False,0.22723137625801457,0,0.7727686237419854,91.8,pass,1,0.30635374812136495
IDRiD_064,3,1,underexposure,underexposure_level_1,1,False,0.5678733524933108,1,0.5678733524933108,83.5,pass,0,0.12414506510902079
IDRiD_065,2,1,underexposure,underexposure_level_1,1,False,0.6031760166758732,1,0.6031760166758732,89.3,pass,0,0.2617304484181263
IDRiD_066,3,1,underexposure,underexposure_level_1,1,False,0.27729978010075956,0,0.7227002198992405,72.8,review,1,0.47506386129359096
IDRiD_067,2,1,underexposure,underexposure_level_1,1,False,0.8496167143335114,1,0.8496167143335114,74.4,review,0,0.07826929621269196
IDRiD_068,0,0,underexposure,underexposure_level_1,1,False,0.7211981497088692,1,0.7211981497088692,88.0,pass,0,0.1346753044588077
IDRiD_069,0,0,underexposure,underexposure_level_1,1,False,0.29998062622438226,0,0.7000193737756177,73.2,review,1,0.2704170763687277
IDRiD_070,0,0,underexposure,underexposure_level_1,1,False,0.6342796251299745,1,0.6342796251299745,86.1,pass,0,0.0957106815532206
IDRiD_071,0,0,underexposure,underexposure_level_1,1,False,0.03298007199283215,0,0.9670199280071679,71.0,review,0,0.17503663898876365
IDRiD_072,2,1,underexposure,underexposure_level_1,1,False,0.9065507732378082,1,0.9065507732378082,81.6,pass,0,0.0715333436462171
IDRiD_073,1,0,underexposure,underexposure_level_1,1,False,0.49560339336075526,0,0.5043966066392447,72.6,review,1,0.26057821761414496
IDRiD_074,1,0,underexposure,underexposure_level_1,1,False,0.26956810025636674,0,0.7304318997436332,81.3,review,0,0.1820470375709966
IDRiD_075,0,0,underexposure,underexposure_level_1,1,False,0.2609755521466771,0,0.7390244478533229,93.0,pass,0,0.1034229361155945
IDRiD_076,2,1,underexposure,underexposure_level_1,1,False,0.3489943113733395,0,0.6510056886266604,76.4,review,0,0.12483414870959292
IDRiD_077,0,0,underexposure,underexposure_level_1,1,False,0.3819507461439372,0,0.6180492538560628,82.5,review,1,0.33172138199959766
IDRiD_078,0,0,underexposure,underexposure_level_1,1,False,0.34413998310266447,0,0.6558600168973355,85.4,pass,0,0.14659255880598987
IDRiD_079,2,1,underexposure,underexposure_level_1,1,False,0.3256738894267726,0,0.6743261105732274,84.9,review,1,0.2093710280045717
IDRiD_080,0,0,underexposure,underexposure_level_1,1,False,0.21990122012401742,0,0.7800987798759826,91.4,pass,0,0.11414873813829951
IDRiD_081,2,1,underexposure,underexposure_level_1,1,False,0.7038801755647232,1,0.7038801755647232,81.6,review,0,0.061356078407383774
IDRiD_082,2,1,underexposure,underexposure_level_1,1,False,0.30023752176509333,0,0.6997624782349067,76.3,review,1,0.27993685133291324
IDRiD_083,2,1,underexposure,underexposure_level_1,1,False,0.6502428019130654,1,0.6502428019130654,84.8,review,1,0.274078872657019
IDRiD_084,2,1,underexposure,underexposure_level_1,1,False,0.11985340023835263,0,0.8801465997616473,83.8,review,0,0.2646188263036691
IDRiD_085,1,0,underexposure,underexposure_level_1,1,False,0.7653321737963159,1,0.7653321737963159,83.2,review,0,0.12233193164553113
IDRiD_086,2,1,underexposure,underexposure_level_1,1,False,0.5226098587437524,1,0.5226098587437524,84.3,review,0,0.1250743939120026
IDRiD_087,4,1,underexposure,underexposure_level_1,1,False,0.7986182264515159,1,0.7986182264515159,80.0,review,0,0.14866371239038312
IDRiD_088,2,1,underexposure,underexposure_level_1,1,False,0.5269359890094718,1,0.5269359890094718,93.2,pass,0,0.196746805371928
IDRiD_089,2,1,underexposure,underexposure_level_1,1,False,0.4971456477709828,0,0.5028543522290172,88.8,review,1,0.21097601635931507
IDRiD_090,0,0,underexposure,underexposure_level_1,1,False,0.2668049596861134,0,0.7331950403138866,90.5,review,0,0.06580233819178846
IDRiD_091,2,1,underexposure,underexposure_level_1,1,False,0.6621483217007135,1,0.6621483217007135,79.6,review,0,0.2707174886005338
IDRiD_092,0,0,underexposure,underexposure_level_1,1,False,0.01148650202722796,0,0.988513497972772,61.0,review,0,0.11024710027448037
IDRiD_093,0,0,underexposure,underexposure_level_1,1,False,0.44208525941122884,0,0.5579147405887712,68.2,review,1,0.3600147022349795
IDRiD_094,0,0,underexposure,underexposure_level_1,1,False,0.7303897402224059,1,0.7303897402224059,78.2,review,0,0.03010537448409978
IDRiD_095,0,0,underexposure,underexposure_level_1,1,False,0.2171755167843997,0,0.7828244832156003,81.3,review,0,0.26258087050696743
IDRiD_096,0,0,underexposure,underexposure_level_1,1,False,0.5267300060621647,1,0.5267300060621647,83.1,review,0,0.013813445916591283
IDRiD_097,0,0,underexposure,underexposure_level_1,1,False,0.3067209646656544,0,0.6932790353343457,74.3,review,1,0.23830919754194352
IDRiD_098,0,0,underexposure,underexposure_level_1,1,False,0.00010867778499332694,0,0.9998913222150067,57.2,fail,0,0.03320701362257078
IDRiD_099,0,0,underexposure,underexposure_level_1,1,False,0.5933421172922964,1,0.5933421172922964,86.7,pass,1,0.3751840850247146
IDRiD_100,2,1,underexposure,underexposure_level_1,1,False,0.49835573580245757,0,0.5016442641975425,75.8,review,1,0.2821474988700116
IDRiD_101,1,0,underexposure,underexposure_level_1,1,False,0.5074932333338676,1,0.5074932333338676,78.4,review,0,0.28568414953498544
IDRiD_102,2,1,underexposure,underexposure_level_1,1,False,0.9415913275369998,1,0.9415913275369998,91.9,pass,0,0.010849310281056734
IDRiD_103,0,0,underexposure,underexposure_level_1,1,False,0.48775599110293283,0,0.5122440088970672,86.2,pass,1,0.15063029805725575
IDRiD_001,4,1,underexposure,underexposure_level_2,2,False,1.3802222618543341e-11,0,0.9999999999861978,44.7,fail,0,0.22933099266445015
IDRiD_002,4,1,underexposure,underexposure_level_2,2,False,0.0010069493175946737,0,0.9989930506824053,54.4,fail,1,0.6588401716358248
IDRiD_003,4,1,underexposure,underexposure_level_2,2,False,0.6276235224605391,1,0.6276235224605391,57.0,fail,0,0.18585877833777387
IDRiD_004,4,1,underexposure,underexposure_level_2,2,False,0.024512138761507995,0,0.975487861238492,65.5,review,1,0.47844416215946856
IDRiD_005,4,1,underexposure,underexposure_level_2,2,False,8.00528301316527e-09,0,0.999999991994717,55.1,fail,1,0.5769395196994999
IDRiD_006,3,1,underexposure,underexposure_level_2,2,False,0.44813443643678097,0,0.551865563563219,61.7,review,1,0.2680179306537227
IDRiD_007,3,1,underexposure,underexposure_level_2,2,False,0.550635167131998,1,0.550635167131998,61.2,review,0,0.3440235001478493
IDRiD_008,2,1,underexposure,underexposure_level_2,2,False,0.4414968746789051,0,0.5585031253210949,64.0,review,0,0.04062489300471195
IDRiD_009,2,1,underexposure,underexposure_level_2,2,False,0.776413907770623,1,0.776413907770623,60.3,review,0,0.08429481098339253
IDRiD_010,2,1,underexposure,underexposure_level_2,2,False,0.2583675584939251,0,0.7416324415060749,64.5,review,1,0.36638848518219647
IDRiD_011,2,1,underexposure,underexposure_level_2,2,False,0.10377969840720236,0,0.8962203015927976,56.6,review,1,0.5639563159270912
IDRiD_012,2,1,underexposure,underexposure_level_2,2,False,0.22804316289571092,0,0.7719568371042891,66.8,review,0,0.20075808628208536
IDRiD_013,3,1,underexposure,underexposure_level_2,2,False,0.4601247983606063,0,0.5398752016393937,68.7,review,1,0.45643145421968917
IDRiD_014,3,1,underexposure,underexposure_level_2,2,False,0.5278123685437422,1,0.5278123685437422,69.0,review,0,0.43515186089850233
IDRiD_015,2,1,underexposure,underexposure_level_2,2,False,0.6235625225768557,1,0.6235625225768557,59.6,fail,0,0.32873038981788705
IDRiD_016,3,1,underexposure,underexposure_level_2,2,False,0.5070889727269086,1,0.5070889727269086,62.0,review,0,0.39178723828802253
IDRiD_017,2,1,underexposure,underexposure_level_2,2,False,0.0006557181247880012,0,0.999344281875212,54.0,fail,1,0.5046491352722693
IDRiD_018,3,1,underexposure,underexposure_level_2,2,False,0.37474911700899,0,0.62525088299101,71.5,review,1,0.22672605485713698
IDRiD_019,2,1,underexposure,underexposure_level_2,2,False,0.4950932427948363,0,0.5049067572051638,66.6,review,1,0.23018782219978368
IDRiD_020,2,1,underexposure,underexposure_level_2,2,False,0.3611287783735975,0,0.6388712216264025,67.8,review,0,0.06934638771462515
IDRiD_021,3,1,underexposure,underexposure_level_2,2,False,0.42776976821310964,0,0.5722302317868904,69.0,review,1,0.5593506845134456
IDRiD_022,3,1,underexposure,underexposure_level_2,2,False,0.45577285591203404,0,0.544227144087966,68.2,review,1,0.5233307487195749
IDRiD_023,2,1,underexposure,underexposure_level_2,2,False,0.156290930629461,0,0.843709069370539,61.7,review,0,0.2985190808026329
IDRiD_024,2,1,underexposure,underexposure_level_2,2,False,0.8617361930544061,1,0.8617361930544061,54.2,fail,0,0.0069390323010902755
IDRiD_025,3,1,underexposure,underexposure_level_2,2,False,0.5460390348141616,1,0.5460390348141616,68.4,review,0,0.26266955585429264
IDRiD_026,3,1,underexposure,underexposure_level_2,2,False,0.48580823264354844,0,0.5141917673564516,68.6,review,1,0.23809923670070976
IDRiD_027,3,1,underexposure,underexposure_level_2,2,False,0.43405022253530523,0,0.5659497774646948,71.2,review,1,0.42173736592995503
IDRiD_028,2,1,underexposure,underexposure_level_2,2,False,0.5509415948846871,1,0.5509415948846871,67.8,review,0,0.3497886894017491
IDRiD_029,0,0,underexposure,underexposure_level_2,2,False,0.1470916038538231,0,0.8529083961461769,67.3,review,0,0.011930994243540105
IDRiD_030,0,0,underexposure,underexposure_level_2,2,False,0.34558753739368614,0,0.6544124626063139,66.3,review,0,0.13240251886993165
IDRiD_031,3,1,underexposure,underexposure_level_2,2,False,0.47326734916872876,0,0.5267326508312713,62.3,review,1,0.32046645279683733
IDRiD_032,4,1,underexposure,underexposure_level_2,2,False,0.367853094778203,0,0.632146905221797,63.7,review,1,0.3979610475057505
IDRiD_033,2,1,underexposure,underexposure_level_2,2,False,0.7789318744985737,1,0.7789318744985737,66.1,review,0,0.1061211541066841
IDRiD_034,3,1,underexposure,underexposure_level_2,2,False,0.3776022203823687,0,0.6223977796176313,65.4,review,1,0.35516792193057267
IDRiD_035,3,1,underexposure,underexposure_level_2,2,False,0.3924250048492045,0,0.6075749951507955,68.4,review,1,0.24065107256912777
IDRiD_036,3,1,underexposure,underexposure_level_2,2,False,0.41153466508508185,0,0.5884653349149181,67.4,review,1,0.371044316369186
IDRiD_037,0,0,underexposure,underexposure_level_2,2,False,0.19500536169411647,0,0.8049946383058835,66.5,review,0,0.2816456384348116
IDRiD_038,0,0,underexposure,underexposure_level_2,2,False,0.5655470794800654,1,0.5655470794800654,60.6,review,0,0.13365801071371586
IDRiD_039,0,0,underexposure,underexposure_level_2,2,False,0.40588588227939465,0,0.5941141177206053,62.1,review,1,0.41068916581085096
IDRiD_040,4,1,underexposure,underexposure_level_2,2,False,0.494308319388598,0,0.505691680611402,64.5,review,1,0.40387615271753274
IDRiD_041,0,0,underexposure,underexposure_level_2,2,False,0.1269877821813307,0,0.8730122178186693,68.8,review,1,0.5983063561318532
IDRiD_042,3,1,underexposure,underexposure_level_2,2,False,0.6224822354606538,1,0.6224822354606538,64.4,review,0,0.33496309104293076
IDRiD_043,0,0,underexposure,underexposure_level_2,2,False,0.28455969222319977,0,0.7154403077768002,68.5,review,1,0.2989739971229236
IDRiD_044,0,0,underexposure,underexposure_level_2,2,False,0.01683296740288014,0,0.9831670325971199,67.9,review,0,0.29881823549828734
IDRiD_045,0,0,underexposure,underexposure_level_2,2,False,0.5061636165998419,1,0.5061636165998419,62.3,review,0,0.20926865282964224
IDRiD_046,2,1,underexposure,underexposure_level_2,2,False,0.3420858473703695,0,0.6579141526296305,69.7,review,1,0.474660573302748
IDRiD_047,0,0,underexposure,underexposure_level_2,2,False,0.6233801039982831,1,0.6233801039982831,63.9,review,0,0.006564375405943235
IDRiD_048,4,1,underexposure,underexposure_level_2,2,False,0.1731086924997108,0,0.8268913075002892,67.8,review,1,0.6952158828884446
IDRiD_049,2,1,underexposure,underexposure_level_2,2,False,0.001189766898942364,0,0.9988102331010577,60.1,review,1,0.5349853401183392
IDRiD_050,0,0,underexposure,underexposure_level_2,2,False,0.2509969770647324,0,0.7490030229352675,64.5,review,1,0.4263025207938131
IDRiD_051,2,1,underexposure,underexposure_level_2,2,False,0.24809479052291428,0,0.7519052094770857,53.8,fail,1,0.2624471762870769
IDRiD_052,0,0,underexposure,underexposure_level_2,2,False,0.3541024940306946,0,0.6458975059693054,64.7,review,1,0.5121808833334135
IDRiD_053,4,1,underexposure,underexposure_level_2,2,False,0.4842003219671275,0,0.5157996780328725,64.4,review,1,0.38185658598589645
IDRiD_054,0,0,underexposure,underexposure_level_2,2,False,0.2272145652029982,0,0.7727854347970018,71.9,review,1,0.6308700016541767
IDRiD_055,0,0,underexposure,underexposure_level_2,2,False,0.39878022287823,0,0.60121977712177,63.5,review,1,0.20048827002932668
IDRiD_056,0,0,underexposure,underexposure_level_2,2,False,0.3118118409759868,0,0.6881881590240132,68.0,review,1,0.24226327088875366
IDRiD_057,4,1,underexposure,underexposure_level_2,2,False,0.3209366807707741,0,0.6790633192292259,63.3,review,1,0.5636146736313937
IDRiD_058,0,0,underexposure,underexposure_level_2,2,False,0.421033894173901,0,0.578966105826099,61.6,review,1,0.23555149444596624
IDRiD_059,2,1,underexposure,underexposure_level_2,2,False,0.6885586514682163,1,0.6885586514682163,61.6,review,0,0.15768675934806198
IDRiD_060,3,1,underexposure,underexposure_level_2,2,False,0.16531750117329377,0,0.8346824988267062,65.9,review,0,0.020525570627876633
IDRiD_061,4,1,underexposure,underexposure_level_2,2,False,0.49184573663268444,0,0.5081542633673155,62.0,fail,1,0.4417893618588385
IDRiD_062,4,1,underexposure,underexposure_level_2,2,False,0.3922210071432093,0,0.6077789928567907,64.8,review,1,0.5392146201304144
IDRiD_063,1,0,underexposure,underexposure_level_2,2,False,0.17489496614277947,0,0.8251050338572206,69.8,review,1,0.3586901582366001
IDRiD_064,3,1,underexposure,underexposure_level_2,2,False,0.46805950975511135,0,0.5319404902448887,64.1,review,1,0.22395890784722028
IDRiD_065,2,1,underexposure,underexposure_level_2,2,False,0.4317029323380045,0,0.5682970676619955,67.9,review,1,0.433203532755995
IDRiD_066,3,1,underexposure,underexposure_level_2,2,False,0.007599659986588267,0,0.9924003400134117,57.4,review,1,0.7447639814077622
IDRiD_067,2,1,underexposure,underexposure_level_2,2,False,0.509281627955038,1,0.509281627955038,60.0,fail,0,0.4186043825911654
IDRiD_068,0,0,underexposure,underexposure_level_2,2,False,0.31469035096920495,0,0.685309649030795,66.8,review,1,0.541183103198472
IDRiD_069,0,0,underexposure,underexposure_level_2,2,False,0.45834223497496385,0,0.5416577650250362,58.7,review,1,0.11205546761814611
IDRiD_070,0,0,underexposure,underexposure_level_2,2,False,0.4425555350331173,0,0.5574444649668827,65.0,review,1,0.2874347716500778
IDRiD_071,0,0,underexposure,underexposure_level_2,2,False,8.734697992380645e-08,0,0.9999999126530201,56.4,fail,0,0.20801662363461587
IDRiD_072,2,1,underexposure,underexposure_level_2,2,False,0.7671804297825258,1,0.7671804297825258,64.7,review,0,0.21090368710149954
IDRiD_073,1,0,underexposure,underexposure_level_2,2,False,0.4768962973573906,0,0.5231037026426094,58.6,review,1,0.27928531361750963
IDRiD_074,1,0,underexposure,underexposure_level_2,2,False,0.18423367111157823,0,0.8157663288884218,62.3,review,0,0.2673814667157851
IDRiD_075,0,0,underexposure,underexposure_level_2,2,False,0.11936499144626418,0,0.8806350085537358,72.3,review,0,0.24503349681600745
IDRiD_076,2,1,underexposure,underexposure_level_2,2,False,0.20626842036423226,0,0.7937315796357678,59.0,review,0,0.2675600397187002
IDRiD_077,0,0,underexposure,underexposure_level_2,2,False,0.2926485014145677,0,0.7073514985854323,62.8,review,1,0.42102362672896715
IDRiD_078,0,0,underexposure,underexposure_level_2,2,False,0.39989493975157575,0,0.6001050602484242,65.3,review,0,0.09083760215707859
IDRiD_079,2,1,underexposure,underexposure_level_2,2,False,0.35701982003757987,0,0.6429801799624202,64.7,review,1,0.17802509739376443
IDRiD_080,0,0,underexposure,underexposure_level_2,2,False,0.10320665138269684,0,0.8967933486173032,69.7,review,0,0.23084330687962007
IDRiD_081,2,1,underexposure,underexposure_level_2,2,False,0.3164984642326974,0,0.6835015357673027,63.4,review,1,0.44873778973940953
IDRiD_082,2,1,underexposure,underexposure_level_2,2,False,0.19010723381303024,0,0.8098927661869697,60.2,review,1,0.3900671392849763
IDRiD_083,2,1,underexposure,underexposure_level_2,2,False,0.5439146188820827,1,0.5439146188820827,66.3,review,1,0.16775068962603634
IDRiD_084,2,1,underexposure,underexposure_level_2,2,False,0.07354027607390727,0,0.9264597239260928,63.9,review,0,0.31093195046811445
IDRiD_085,1,0,underexposure,underexposure_level_2,2,False,0.4107194873567816,0,0.5892805126432183,63.5,review,1,0.47694461808506544
IDRiD_086,2,1,underexposure,underexposure_level_2,2,False,0.5718029992327185,1,0.5718029992327185,64.5,review,0,0.07588125342303653
IDRiD_087,4,1,underexposure,underexposure_level_2,2,False,0.5874777459569018,1,0.5874777459569018,63.5,review,0,0.3598041928849972
IDRiD_088,2,1,underexposure,underexposure_level_2,2,False,0.333498825578543,0,0.6665011744214571,73.7,review,1,0.39018396880285683
IDRiD_089,2,1,underexposure,underexposure_level_2,2,False,0.3607156911116396,0,0.6392843088883604,68.7,review,1,0.3474059730186583
IDRiD_090,0,0,underexposure,underexposure_level_2,2,False,0.16241084270106285,0,0.8375891572989371,71.1,review,0,0.03859177879326209
IDRiD_091,2,1,underexposure,underexposure_level_2,2,False,0.5906528222447979,1,0.5906528222447979,62.2,review,0,0.3422129880564494
IDRiD_092,0,0,underexposure,underexposure_level_2,2,False,4.506616014705489e-10,0,0.9999999995493384,51.1,fail,0,0.12173360185104673
IDRiD_093,0,0,underexposure,underexposure_level_2,2,False,0.5859538701360335,1,0.5859538701360335,55.4,fail,0,0.21614609151017483
IDRiD_094,0,0,underexposure,underexposure_level_2,2,False,0.5433955086838012,1,0.5433955086838012,60.8,fail,0,0.2170996060227045
IDRiD_095,0,0,underexposure,underexposure_level_2,2,False,0.2401233133779681,0,0.7598766866220319,62.2,review,0,0.23963307391339905
IDRiD_096,0,0,underexposure,underexposure_level_2,2,False,0.5042241175601361,1,0.5042241175601361,63.8,review,0,0.008692442585437332
IDRiD_097,0,0,underexposure,underexposure_level_2,2,False,0.27285173105115523,0,0.7271482689488448,58.4,fail,1,0.2721784311564427
IDRiD_098,0,0,underexposure,underexposure_level_2,2,False,6.669822850563057e-12,0,0.9999999999933302,48.8,fail,0,0.033315691400894284
IDRiD_099,0,0,underexposure,underexposure_level_2,2,False,0.37278554949140313,0,0.6272144505085968,66.2,review,0,0.1546275172238214
IDRiD_100,2,1,underexposure,underexposure_level_2,2,False,0.587036787158745,1,0.587036787158745,60.3,review,0,0.19346644751372422
IDRiD_101,1,0,underexposure,underexposure_level_2,2,False,0.5501542640467612,1,0.5501542640467612,61.6,review,0,0.24302311882209193
IDRiD_102,2,1,underexposure,underexposure_level_2,2,False,0.5367781766087097,1,0.5367781766087097,72.6,review,0,0.4156624612093468
IDRiD_103,0,0,underexposure,underexposure_level_2,2,False,0.4269069755430925,0,0.5730930244569075,65.5,review,1,0.2114793136170961
IDRiD_001,4,1,underexposure,underexposure_level_3,3,False,3.8725084796212583e-11,0,0.9999999999612749,33.2,fail,0,0.22933099263952728
IDRiD_002,4,1,underexposure,underexposure_level_3,3,False,1.5669298053038386e-14,0,0.9999999999999843,36.4,fail,1,0.6598471209534038
IDRiD_003,4,1,underexposure,underexposure_level_3,3,False,3.928324854582351e-12,0,0.9999999999960717,47.4,fail,1,0.8134823007943847
IDRiD_004,4,1,underexposure,underexposure_level_3,3,False,1.8506011703793515e-14,0,0.9999999999999815,50.8,fail,1,0.502956300920958
IDRiD_005,4,1,underexposure,underexposure_level_3,3,False,2.0233637890419245e-13,0,0.9999999999997977,37.1,fail,1,0.5769395277045806
IDRiD_006,3,1,underexposure,underexposure_level_3,3,False,1.848884350677387e-12,0,0.9999999999981511,49.3,fail,1,0.7161523670886548
IDRiD_007,3,1,underexposure,underexposure_level_3,3,False,5.6604778259798324e-05,0,0.9999433952217402,49.3,fail,1,0.8946020625015876
IDRiD_008,2,1,underexposure,underexposure_level_3,3,False,9.627098352099495e-07,0,0.9999990372901648,50.3,fail,0,0.40087101896435795
IDRiD_009,2,1,underexposure,underexposure_level_3,3,False,3.84697992959916e-11,0,0.9999999999615302,48.8,fail,1,0.8607087187155458
IDRiD_010,2,1,underexposure,underexposure_level_3,3,False,4.2127023252340204e-11,0,0.999999999957873,50.5,fail,1,0.6247560436339946
IDRiD_011,2,1,underexposure,underexposure_level_3,3,False,8.119270418735804e-18,0,1.0,47.3,fail,1,0.6677360143342935
IDRiD_012,2,1,underexposure,underexposure_level_3,3,False,3.4075827182783365e-05,0,0.9999659241728173,51.5,fail,0,0.4287671733506135
IDRiD_013,3,1,underexposure,underexposure_level_3,3,False,0.327525912180346,0,0.672474087819654,52.6,fail,1,0.5890303403999495
IDRiD_014,3,1,underexposure,underexposure_level_3,3,False,0.3974723256163877,0,0.6025276743836123,53.1,fail,1,0.5654919038258569
IDRiD_015,2,1,underexposure,underexposure_level_3,3,False,6.528374189851331e-10,0,0.9999999993471625,48.6,fail,1,0.9522929117419053
IDRiD_016,3,1,underexposure,underexposure_level_3,3,False,7.695246570017748e-07,0,0.999999230475343,49.6,fail,1,0.8988754414902741
IDRiD_017,2,1,underexposure,underexposure_level_3,3,False,6.485958150651634e-18,0,1.0,46.2,fail,1,0.5053048533970573
IDRiD_018,3,1,underexposure,underexposure_level_3,3,False,1.4360652714087487e-06,0,0.9999985639347286,53.4,review,1,0.6014737358008556
IDRiD_019,2,1,underexposure,underexposure_level_3,3,False,0.08509679976786783,0,0.9149032002321322,51.4,fail,1,0.6401842652267522
IDRiD_020,2,1,underexposure,underexposure_level_3,3,False,5.7862816293862185e-05,0,0.9999421371837062,51.9,fail,0,0.4304173032719288
IDRiD_021,3,1,underexposure,underexposure_level_3,3,False,0.35328692262511174,0,0.6467130773748883,52.6,fail,1,0.6338335301014435
IDRiD_022,3,1,underexposure,underexposure_level_3,3,False,0.3582026529400796,0,0.6417973470599204,52.3,fail,1,0.6209009516915293
IDRiD_023,2,1,underexposure,underexposure_level_3,3,False,2.2139427463825534e-11,0,0.9999999999778606,49.3,fail,0,0.45481001140995453
IDRiD_024,2,1,underexposure,underexposure_level_3,3,False,8.77183658672843e-08,0,0.9999999122816341,46.7,fail,1,0.8686751376371304
IDRiD_025,3,1,underexposure,underexposure_level_3,3,False,0.0027545575021192597,0,0.9972454424978807,52.2,fail,1,0.805954033166335
IDRiD_026,3,1,underexposure,underexposure_level_3,3,False,0.133523216734794,0,0.866476783265206,52.3,fail,1,0.5903842526094643
IDRiD_027,3,1,underexposure,underexposure_level_3,3,False,0.08786488958209773,0,0.9121351104179023,53.4,fail,1,0.7679226988831626
IDRiD_028,2,1,underexposure,underexposure_level_3,3,False,5.567480927289518e-07,0,0.9999994432519073,51.8,fail,1,0.9007297275383435
IDRiD_029,0,0,underexposure,underexposure_level_3,3,False,0.00031120441842115285,0,0.9996887955815789,51.8,fail,0,0.15871139367894208
IDRiD_030,0,0,underexposure,underexposure_level_3,3,False,5.683953028525091e-09,0,0.999999994316047,51.2,fail,0,0.21318501283980146
IDRiD_031,3,1,underexposure,underexposure_level_3,3,False,1.4602340893452493e-10,0,0.9999999998539766,49.6,fail,1,0.7937338018195427
IDRiD_032,4,1,underexposure,underexposure_level_3,3,False,5.4141722507174366e-11,0,0.9999999999458583,50.2,fail,1,0.7658141422298118
IDRiD_033,2,1,underexposure,underexposure_level_3,3,False,7.210391093771138e-05,0,0.9999278960890623,51.3,fail,1,0.6727386164809519
IDRiD_034,3,1,underexposure,underexposure_level_3,3,False,2.2729472618054732e-08,0,0.9999999772705274,50.8,fail,1,0.7327701195834687
IDRiD_035,3,1,underexposure,underexposure_level_3,3,False,1.2632503659089297e-09,0,0.9999999987367496,52.0,fail,1,0.6330760761550819
IDRiD_036,3,1,underexposure,underexposure_level_3,3,False,0.0014133302499118106,0,0.9985866697500881,51.8,fail,1,0.781165651204356
IDRiD_037,0,0,underexposure,underexposure_level_3,3,False,2.0305855797548735e-05,0,0.9999796941442024,51.3,fail,0,0.47663069427313054
IDRiD_038,0,0,underexposure,underexposure_level_3,3,False,3.228201741661441e-08,0,0.9999999677179826,49.0,fail,1,0.6992050579117639
IDRiD_039,0,0,underexposure,underexposure_level_3,3,False,4.4928576284478935e-10,0,0.9999999995507143,49.4,fail,1,0.8165750476409599
IDRiD_040,4,1,underexposure,underexposure_level_3,3,False,0.001030998490240592,0,0.9989690015097594,50.6,fail,1,0.8971534736158902
IDRiD_041,0,0,underexposure,underexposure_level_3,3,False,0.13925748070493005,0,0.86074251929507,52.3,fail,1,0.5860366576082539
IDRiD_042,3,1,underexposure,underexposure_level_3,3,False,0.11258551027515107,0,0.8874144897248489,50.7,fail,1,0.8448598162284335
IDRiD_043,0,0,underexposure,underexposure_level_3,3,False,4.6345571640317206e-08,0,0.9999999536544284,52.2,fail,1,0.5835336430005518
IDRiD_044,0,0,underexposure,underexposure_level_3,3,False,1.9978475868846538e-08,0,0.9999999800215241,51.7,fail,0,0.3156511829226916
IDRiD_045,0,0,underexposure,underexposure_level_3,3,False,7.201518430618972e-06,0,0.9999927984815694,49.7,fail,1,0.7154250679110535
IDRiD_046,2,1,underexposure,underexposure_level_3,3,False,0.11921818632525341,0,0.8807818136747466,52.8,fail,1,0.6975282343478642
IDRiD_047,0,0,underexposure,underexposure_level_3,3,False,6.781245896399454e-08,0,0.999999932187541,50.2,fail,1,0.6299444115917674
IDRiD_048,4,1,underexposure,underexposure_level_3,3,False,0.014051209275636651,0,0.9859487907243634,51.9,fail,1,0.8542733661125188
IDRiD_049,2,1,underexposure,underexposure_level_3,3,False,1.6071550252599087e-16,0,0.9999999999999999,47.9,fail,1,0.5361751070172814
IDRiD_050,0,0,underexposure,underexposure_level_3,3,False,0.0011742842234642413,0,0.9988257157765358,50.5,fail,1,0.6761252136350813
IDRiD_051,2,1,underexposure,underexposure_level_3,3,False,1.591164709598293e-17,0,1.0,45.3,fail,1,0.5105419668099912
IDRiD_052,0,0,underexposure,underexposure_level_3,3,False,0.00041629675079752417,0,0.9995837032492024,50.8,fail,1,0.8658670806133105
IDRiD_053,4,1,underexposure,underexposure_level_3,3,False,5.46244265437676e-08,0,0.9999999453755735,50.5,fail,1,0.8660568533285974
IDRiD_054,0,0,underexposure,underexposure_level_3,3,False,0.001091929603610005,0,0.99890807039639,53.7,fail,1,0.8569926372535649
IDRiD_055,0,0,underexposure,underexposure_level_3,3,False,7.768804366144796e-07,0,0.9999992231195634,50.1,fail,1,0.59926771602712
IDRiD_056,0,0,underexposure,underexposure_level_3,3,False,2.6910722958715656e-11,0,0.9999999999730893,51.9,fail,1,0.5540751118378298
IDRiD_057,4,1,underexposure,underexposure_level_3,3,False,3.415050271100874e-11,0,0.9999999999658495,50.0,fail,1,0.8845513543680174
IDRiD_058,0,0,underexposure,underexposure_level_3,3,False,1.0155093685039396e-10,0,0.999999999898449,49.3,fail,1,0.6565853885183163
IDRiD_059,2,1,underexposure,underexposure_level_3,3,False,2.7068276878904734e-05,0,0.9999729317231211,49.4,fail,1,0.8462183425393993
IDRiD_060,3,1,underexposure,underexposure_level_3,3,False,1.0734202063337286e-08,0,0.9999999892657979,51.0,fail,0,0.1447919198112151
IDRiD_061,4,1,underexposure,underexposure_level_3,3,False,3.983371161483072e-05,0,0.9999601662883851,49.6,fail,1,0.9335952647799081
IDRiD_062,4,1,underexposure,underexposure_level_3,3,False,0.04569296023816187,0,0.9543070397618382,50.7,fail,1,0.8857426670354619
IDRiD_063,1,0,underexposure,underexposure_level_3,3,False,1.9641757096615103e-08,0,0.9999999803582429,52.6,fail,1,0.5335851047376224
IDRiD_064,3,1,underexposure,underexposure_level_3,3,False,7.157687224594807e-09,0,0.9999999928423128,50.4,fail,1,0.6920184104446444
IDRiD_065,2,1,underexposure,underexposure_level_3,3,False,7.286904479419602e-07,0,0.999999271309552,51.9,fail,1,0.8649057364035515
IDRiD_066,3,1,underexposure,underexposure_level_3,3,False,5.0330805554980496e-17,0,1.0,47.5,fail,1,0.7523636413943505
IDRiD_067,2,1,underexposure,underexposure_level_3,3,False,0.0005005517727778384,0,0.9994994482272221,48.8,fail,1,0.9273854587734255
IDRiD_068,0,0,underexposure,underexposure_level_3,3,False,0.0012787919622010795,0,0.998721208037799,51.5,fail,1,0.8545946622054759
IDRiD_069,0,0,underexposure,underexposure_level_3,3,False,1.4585682219552007e-11,0,0.9999999999854143,48.1,fail,1,0.5703977025785243
IDRiD_070,0,0,underexposure,underexposure_level_3,3,False,4.8944078682858265e-06,0,0.9999951055921317,50.8,fail,1,0.7299854122753268
IDRiD_071,0,0,underexposure,underexposure_level_3,3,False,3.79573421930957e-13,0,0.9999999999996204,37.1,fail,0,0.2080167109812162
IDRiD_072,2,1,underexposure,underexposure_level_3,3,False,1.8016568788323e-05,0,0.9999819834312117,50.8,fail,1,0.978066100315237
IDRiD_073,1,0,underexposure,underexposure_level_3,3,False,7.569455540995204e-12,0,0.9999999999924305,48.1,fail,1,0.7561816109673307
IDRiD_074,1,0,underexposure,underexposure_level_3,3,False,1.7134441215507307e-12,0,0.9999999999982866,49.6,fail,0,0.4516151378256499
IDRiD_075,0,0,underexposure,underexposure_level_3,3,False,2.2655898542896605e-07,0,0.9999997734410145,53.5,fail,0,0.3643982617032862
IDRiD_076,2,1,underexposure,underexposure_level_3,3,False,2.0335863035456402e-17,0,1.0,48.2,fail,0,0.47382846008293245
IDRiD_077,0,0,underexposure,underexposure_level_3,3,False,9.879147318258602e-13,0,0.9999999999990121,49.8,fail,1,0.713672128142547
IDRiD_078,0,0,underexposure,underexposure_level_3,3,False,7.152890906464664e-07,0,0.9999992847109094,50.8,fail,0,0.4907318266195637
IDRiD_079,2,1,underexposure,underexposure_level_3,3,False,5.416872760045584e-09,0,0.9999999945831273,50.6,fail,1,0.5350449120144716
IDRiD_080,0,0,underexposure,underexposure_level_3,3,False,2.595073590617976e-08,0,0.9999999740492641,52.6,fail,0,0.33404993231158103
IDRiD_081,2,1,underexposure,underexposure_level_3,3,False,0.4084899134985557,0,0.5915100865014443,50.9,fail,1,0.35674634047355125
IDRiD_082,2,1,underexposure,underexposure_level_3,3,False,2.653275312021201e-12,0,0.9999999999973467,48.8,fail,1,0.5801743730953532
IDRiD_083,2,1,underexposure,underexposure_level_3,3,False,0.41387350354892555,0,0.5861264964510744,52.3,fail,0,0.03770957429287919
IDRiD_084,2,1,underexposure,underexposure_level_3,3,False,3.866517443539099e-15,0,0.9999999999999961,50.1,fail,0,0.38447222654201785
IDRiD_085,1,0,underexposure,underexposure_level_3,3,False,0.011129339371755522,0,0.9888706606282445,50.2,fail,1,0.8765347660700915
IDRiD_086,2,1,underexposure,underexposure_level_3,3,False,1.200035704782301e-07,0,0.9999998799964295,50.5,fail,1,0.6476841326521845
IDRiD_087,4,1,underexposure,underexposure_level_3,3,False,1.795509227078103e-08,0,0.9999999820449077,50.1,fail,1,0.9472819208868067
IDRiD_088,2,1,underexposure,underexposure_level_3,3,False,2.699594532720464e-10,0,0.9999999997300405,54.4,review,1,0.7236827941114403
IDRiD_089,2,1,underexposure,underexposure_level_3,3,False,9.654228921817863e-11,0,0.9999999999034577,52.2,fail,1,0.7081216640337555
IDRiD_090,0,0,underexposure,underexposure_level_3,3,False,1.790625019290364e-09,0,0.999999998209375,53.3,review,0,0.20100261970369993
IDRiD_091,2,1,underexposure,underexposure_level_3,3,False,1.237731485526683e-10,0,0.9999999998762269,49.6,fail,1,0.9328658101774742
IDRiD_092,0,0,underexposure,underexposure_level_3,3,False,1.8552640074989918e-11,0,0.9999999999814474,34.9,fail,0,0.12173360228315569
IDRiD_093,0,0,underexposure,underexposure_level_3,3,False,6.610783426814328e-14,0,0.9999999999999339,46.8,fail,1,0.8020999616461423
IDRiD_094,0,0,underexposure,underexposure_level_3,3,False,1.4655067452293719e-06,0,0.9999985344932548,49.0,fail,1,0.7604936491997605
IDRiD_095,0,0,underexposure,underexposure_level_3,3,False,2.2318178332540476e-11,0,0.9999999999776819,49.5,fail,0,0.47975638726904896
IDRiD_096,0,0,underexposure,underexposure_level_3,3,False,1.415356531029699e-07,0,0.9999998584643469,50.2,fail,1,0.5129164186099203
IDRiD_097,0,0,underexposure,underexposure_level_3,3,False,1.6395697907945158e-14,0,0.9999999999999836,48.1,fail,1,0.5450301622075815
IDRiD_098,0,0,underexposure,underexposure_level_3,3,False,4.30187912624696e-09,0,0.9999999956981209,34.2,fail,0,0.033315687105684985
IDRiD_099,0,0,underexposure,underexposure_level_3,3,False,6.628513720861485e-08,0,0.9999999337148628,51.3,fail,0,0.21815796598244452
IDRiD_100,2,1,underexposure,underexposure_level_3,3,False,6.866538097853975e-10,0,0.9999999993133462,48.8,fail,1,0.7805032339858153
IDRiD_101,1,0,underexposure,underexposure_level_3,3,False,3.893474680488784e-11,0,0.9999999999610653,49.3,fail,1,0.7931773828299183
IDRiD_102,2,1,underexposure,underexposure_level_3,3,False,0.2944629601387665,0,0.7055370398612335,54.3,fail,1,0.65797767767929
IDRiD_103,0,0,underexposure,underexposure_level_3,3,False,6.634395865416164e-10,0,0.9999999993365604,50.9,fail,1,0.6383862884967489
IDRiD_001,4,1,gamma,gamma_level_1,1,False,0.0006185950968905237,0,0.9993814049031094,47.1,fail,0,0.22871239758136183
IDRiD_002,4,1,gamma,gamma_level_1,1,False,0.34725909742299316,0,0.6527409025770068,67.0,review,1,0.3125880235304263
IDRiD_003,4,1,gamma,gamma_level_1,1,False,0.7432029870966527,1,0.7432029870966527,71.0,review,0,0.0702793137016603
IDRiD_004,4,1,gamma,gamma_level_1,1,False,0.3094106278827816,0,0.6905893721172184,94.1,pass,1,0.19354567303819492
IDRiD_005,4,1,gamma,gamma_level_1,1,False,0.02855780900332978,0,0.9714421909966702,73.3,review,1,0.548381718701453
IDRiD_006,3,1,gamma,gamma_level_1,1,False,0.6484805110252111,1,0.6484805110252111,88.3,pass,0,0.06767185606529258
IDRiD_007,3,1,gamma,gamma_level_1,1,False,0.7449558741812602,1,0.7449558741812602,81.3,review,0,0.14970279309858714
IDRiD_008,2,1,gamma,gamma_level_1,1,False,0.7916427512243738,1,0.7916427512243738,93.0,pass,1,0.39077076955018064
IDRiD_009,2,1,gamma,gamma_level_1,1,False,0.8310828794361154,1,0.8310828794361154,78.8,review,0,0.029625839317900193
IDRiD_010,2,1,gamma,gamma_level_1,1,False,0.5555657385578856,1,0.5555657385578856,94.5,pass,0,0.06919030511823598
IDRiD_011,2,1,gamma,gamma_level_1,1,False,0.245200147557471,0,0.754799852442529,77.7,review,1,0.42253586677682253
IDRiD_012,2,1,gamma,gamma_level_1,1,False,0.429261907461156,0,0.570738092538844,91.5,pass,0,0.00046065828335972725
IDRiD_013,3,1,gamma,gamma_level_1,1,False,0.9621772442354415,1,0.9621772442354415,92.1,pass,0,0.04562099165514599
IDRiD_014,3,1,gamma,gamma_level_1,1,False,0.9689594882390911,1,0.9689594882390911,89.9,review,0,0.005995258796846481
IDRiD_015,2,1,gamma,gamma_level_1,1,False,0.8897974125142312,1,0.8897974125142312,80.7,pass,0,0.06249549988051162
IDRiD_016,3,1,gamma,gamma_level_1,1,False,0.7956325248904349,1,0.7956325248904349,82.1,review,0,0.10324368612449619
IDRiD_017,2,1,gamma,gamma_level_1,1,False,0.3180497772326905,0,0.6819502227673095,70.7,review,1,0.18725507616436682
IDRiD_018,3,1,gamma,gamma_level_1,1,False,0.7158509119894993,1,0.7158509119894993,99.0,pass,0,0.11437574012337237
IDRiD_019,2,1,gamma,gamma_level_1,1,False,0.887668902089177,1,0.887668902089177,95.3,pass,0,0.16238783709455706
IDRiD_020,2,1,gamma,gamma_level_1,1,False,0.6770503151888255,1,0.6770503151888255,97.4,pass,1,0.24657514910060285
IDRiD_021,3,1,gamma,gamma_level_1,1,False,0.9718624448255305,1,0.9718624448255305,91.5,review,0,0.015258007901024717
IDRiD_022,3,1,gamma,gamma_level_1,1,False,0.963024493515636,1,0.963024493515636,93.1,review,0,0.01607911111597282
IDRiD_023,2,1,gamma,gamma_level_1,1,False,0.5968571511486288,1,0.5968571511486288,90.2,pass,1,0.14204713971653488
IDRiD_024,2,1,gamma,gamma_level_1,1,False,0.7932556198014554,1,0.7932556198014554,63.6,review,0,0.07541960555404092
IDRiD_025,3,1,gamma,gamma_level_1,1,False,0.9081836577793286,1,0.9081836577793286,97.1,pass,0,0.0994750671108744
IDRiD_026,3,1,gamma,gamma_level_1,1,False,0.9168477920869933,1,0.9168477920869933,95.2,pass,0,0.1929403227427351
IDRiD_027,3,1,gamma,gamma_level_1,1,False,0.8670813203612457,1,0.8670813203612457,97.5,pass,0,0.011293731895985482
IDRiD_028,2,1,gamma,gamma_level_1,1,False,0.9071876037640527,1,0.9071876037640527,96.3,pass,0,0.006457319477616519
IDRiD_029,0,0,gamma,gamma_level_1,1,False,0.4027695584071783,0,0.5972304415928217,97.4,pass,0,0.2437469603098151
IDRiD_030,0,0,gamma,gamma_level_1,1,False,0.4654429241733117,0,0.5345570758266883,97.8,pass,0,0.2522579056495572
IDRiD_031,3,1,gamma,gamma_level_1,1,False,0.8181165202366827,1,0.8181165202366827,88.5,pass,0,0.0243827182711166
IDRiD_032,4,1,gamma,gamma_level_1,1,False,0.7576376201336033,1,0.7576376201336033,90.2,pass,0,0.008176522150350252
IDRiD_033,2,1,gamma,gamma_level_1,1,False,0.984328241688185,1,0.984328241688185,95.4,pass,0,0.3115175212962954
IDRiD_034,3,1,gamma,gamma_level_1,1,False,0.7980070831168745,1,0.7980070831168745,92.9,pass,0,0.06523694080393316
IDRiD_035,3,1,gamma,gamma_level_1,1,False,0.6552475887494955,1,0.6552475887494955,95.5,pass,0,0.02217151133116324
IDRiD_036,3,1,gamma,gamma_level_1,1,False,0.8370659858440769,1,0.8370659858440769,97.2,pass,0,0.054487004389809024
IDRiD_037,0,0,gamma,gamma_level_1,1,False,0.49448467500847393,0,0.5055153249915261,96.3,pass,0,0.017833674879545847
IDRiD_038,0,0,gamma,gamma_level_1,1,False,0.5896229761490346,1,0.5896229761490346,79.8,review,0,0.10958211404474671
IDRiD_039,0,0,gamma,gamma_level_1,1,False,0.7419511714819856,1,0.7419511714819856,83.2,review,0,0.07462387660825998
IDRiD_040,4,1,gamma,gamma_level_1,1,False,0.8633526554500012,1,0.8633526554500012,88.7,review,0,0.034831816656129555
IDRiD_041,0,0,gamma,gamma_level_1,1,False,0.42722163755240744,0,0.5727783624475926,99.1,pass,1,0.29807250076077646
IDRiD_042,3,1,gamma,gamma_level_1,1,False,0.9428508182950548,1,0.9428508182950548,87.7,review,0,0.01459450820852981
IDRiD_043,0,0,gamma,gamma_level_1,1,False,0.4836695500792702,0,0.5163304499207297,97.2,pass,1,0.09986413926685317
IDRiD_044,0,0,gamma,gamma_level_1,1,False,0.19731529589790317,0,0.8026847041020968,97.0,pass,0,0.11833590700326432
IDRiD_045,0,0,gamma,gamma_level_1,1,False,0.7972467005900528,1,0.7972467005900528,88.5,review,0,0.08181443116056863
IDRiD_046,2,1,gamma,gamma_level_1,1,False,0.8195660176162484,1,0.8195660176162484,97.6,pass,0,0.002819596943130831
IDRiD_047,0,0,gamma,gamma_level_1,1,False,0.7532718951273057,1,0.7532718951273057,93.4,pass,0,0.12332741572307937
IDRiD_048,4,1,gamma,gamma_level_1,1,False,0.6326084212704434,1,0.6326084212704434,98.0,pass,0,0.23571615411771207
IDRiD_049,2,1,gamma,gamma_level_1,1,False,0.4360945744622743,0,0.5639054255377257,84.0,review,1,0.10008053255500726
IDRiD_050,0,0,gamma,gamma_level_1,1,False,0.6321877423229628,1,0.6321877423229628,92.3,pass,0,0.045111755535582665
IDRiD_051,2,1,gamma,gamma_level_1,1,False,0.8653501309462678,1,0.8653501309462678,69.5,review,0,0.3548081641362766
IDRiD_052,0,0,gamma,gamma_level_1,1,False,0.8379868992895908,1,0.8379868992895908,90.6,pass,0,0.028296478074517295
IDRiD_053,4,1,gamma,gamma_level_1,1,False,0.8311195490384437,1,0.8311195490384437,89.7,review,0,0.034937358914580274
IDRiD_054,0,0,gamma,gamma_level_1,1,False,0.6275389636672783,1,0.6275389636672783,97.2,pass,0,0.2305456031898966
IDRiD_055,0,0,gamma,gamma_level_1,1,False,0.5354259834488704,1,0.5354259834488704,86.2,review,0,0.0638425094586863
IDRiD_056,0,0,gamma,gamma_level_1,1,False,0.46567080361463936,0,0.5343291963853607,96.4,pass,1,0.0884043082501011
IDRiD_057,4,1,gamma,gamma_level_1,1,False,0.8212138357836924,1,0.8212138357836924,89.8,pass,0,0.06333751861847536
IDRiD_058,0,0,gamma,gamma_level_1,1,False,0.6219669362119873,1,0.6219669362119873,85.4,pass,0,0.034618452407879974
IDRiD_059,2,1,gamma,gamma_level_1,1,False,0.8143696910787837,1,0.8143696910787837,82.6,review,0,0.03187571973749459
IDRiD_060,3,1,gamma,gamma_level_1,1,False,0.27874916487535645,0,0.7212508351246436,96.6,pass,0,0.1339572343299393
IDRiD_061,4,1,gamma,gamma_level_1,1,False,0.826458638028498,1,0.826458638028498,84.1,review,0,0.10717646046302498
IDRiD_062,4,1,gamma,gamma_level_1,1,False,0.84800841304343,1,0.84800841304343,89.8,pass,0,0.08342721423019372
IDRiD_063,1,0,gamma,gamma_level_1,1,False,0.2649287363696197,0,0.7350712636303802,98.2,pass,1,0.26865638800975983
IDRiD_064,3,1,gamma,gamma_level_1,1,False,0.6413556371440834,1,0.6413556371440834,89.5,pass,0,0.050662780458248236
IDRiD_065,2,1,gamma,gamma_level_1,1,False,0.8039950168345202,1,0.8039950168345202,93.6,review,0,0.06091144825947925
IDRiD_066,3,1,gamma,gamma_level_1,1,False,0.3833558405765026,0,0.6166441594234974,78.4,review,1,0.3690078008178479
IDRiD_067,2,1,gamma,gamma_level_1,1,False,0.8528894599158239,1,0.8528894599158239,77.2,review,0,0.07499655063037947
IDRiD_068,0,0,gamma,gamma_level_1,1,False,0.7175159951565311,1,0.7175159951565311,94.6,pass,0,0.13835745901114582
IDRiD_069,0,0,gamma,gamma_level_1,1,False,0.519851215896893,1,0.519851215896893,75.0,review,0,0.050546486696216975
IDRiD_070,0,0,gamma,gamma_level_1,1,False,0.7268592846277503,1,0.7268592846277503,96.1,pass,0,0.0031310220554447987
IDRiD_071,0,0,gamma,gamma_level_1,1,False,0.007884460873576332,0,0.9921155391264237,74.8,review,0,0.20013225010801947
IDRiD_072,2,1,gamma,gamma_level_1,1,False,0.9675513908374487,1,0.9675513908374487,87.8,review,0,0.010532726046576624
IDRiD_073,1,0,gamma,gamma_level_1,1,False,0.7403904990362783,1,0.7403904990362783,75.8,review,0,0.015791111938621927
IDRiD_074,1,0,gamma,gamma_level_1,1,False,0.40596027362997633,0,0.5940397263700237,87.0,pass,0,0.04565486419738701
IDRiD_075,0,0,gamma,gamma_level_1,1,False,0.5752219781518652,1,0.5752219781518652,92.3,review,1,0.21082348988959354
IDRiD_076,2,1,gamma,gamma_level_1,1,False,0.4707720403273514,0,0.5292279596726486,83.0,review,0,0.003056419755581019
IDRiD_077,0,0,gamma,gamma_level_1,1,False,0.4945689706902304,0,0.5054310293097696,91.0,pass,1,0.21910315745330444
IDRiD_078,0,0,gamma,gamma_level_1,1,False,0.3999212975101796,0,0.6000787024898204,89.6,review,0,0.09081124439847477
IDRiD_079,2,1,gamma,gamma_level_1,1,False,0.4357114401375872,0,0.5642885598624128,90.7,pass,1,0.09933347729375708
IDRiD_080,0,0,gamma,gamma_level_1,1,False,0.26155802038770093,0,0.7384419796122991,97.4,pass,0,0.072491937874616
IDRiD_081,2,1,gamma,gamma_level_1,1,False,0.709221533040594,1,0.709221533040594,86.4,review,0,0.05601472093151294
IDRiD_082,2,1,gamma,gamma_level_1,1,False,0.4112017853460874,0,0.5887982146539126,79.9,review,1,0.16897258775191915
IDRiD_083,2,1,gamma,gamma_level_1,1,False,0.8157929952298038,1,0.8157929952298038,88.8,review,1,0.4396290659737574
IDRiD_084,2,1,gamma,gamma_level_1,1,False,0.28713915423511266,0,0.7128608457648873,91.1,pass,0,0.09733307230690907
IDRiD_085,1,0,gamma,gamma_level_1,1,False,0.759635187423017,1,0.759635187423017,88.3,pass,0,0.12802891801882998
IDRiD_086,2,1,gamma,gamma_level_1,1,False,0.6487728225889559,1,0.6487728225889559,89.4,pass,0,0.0010885699332008336
IDRiD_087,4,1,gamma,gamma_level_1,1,False,0.8958983504442186,1,0.8958983504442186,85.7,review,0,0.051383588397680424
IDRiD_088,2,1,gamma,gamma_level_1,1,False,0.6683016793669545,1,0.6683016793669545,97.9,pass,0,0.055381115014445315
IDRiD_089,2,1,gamma,gamma_level_1,1,False,0.6191704159727924,1,0.6191704159727924,94.7,pass,0,0.08895124815750544
IDRiD_090,0,0,gamma,gamma_level_1,1,False,0.27955362266625866,0,0.7204463773337413,97.7,pass,0,0.07855100117193373
IDRiD_091,2,1,gamma,gamma_level_1,1,False,0.8049443603318368,1,0.8049443603318368,84.9,review,0,0.12792144996941046
IDRiD_092,0,0,gamma,gamma_level_1,1,False,0.00014025507444882744,0,0.9998597449255512,62.0,review,0,0.12159334722725951
IDRiD_093,0,0,gamma,gamma_level_1,1,False,0.6101841600190587,1,0.6101841600190587,68.5,review,0,0.1919158016271496
IDRiD_094,0,0,gamma,gamma_level_1,1,False,0.8294569400069669,1,0.8294569400069669,85.6,review,0,0.06896182530046124
IDRiD_095,0,0,gamma,gamma_level_1,1,False,0.40110858423130324,0,0.5988914157686968,89.1,pass,0,0.07864780306006391
IDRiD_096,0,0,gamma,gamma_level_1,1,False,0.610882771773751,1,0.610882771773751,89.4,pass,0,0.09796621162817765
IDRiD_097,0,0,gamma,gamma_level_1,1,False,0.5068736430736641,1,0.5068736430736641,82.7,review,0,0.03815651913393381
IDRiD_098,0,0,gamma,gamma_level_1,1,False,4.57902408397073e-05,0,0.9999542097591603,57.0,fail,0,0.0332699011667244
IDRiD_099,0,0,gamma,gamma_level_1,1,False,0.6326226970047829,1,0.6326226970047829,97.5,pass,1,0.41446466473720117
IDRiD_100,2,1,gamma,gamma_level_1,1,False,0.6776511147294546,1,0.6776511147294546,80.0,review,0,0.10285211994301457
IDRiD_101,1,0,gamma,gamma_level_1,1,False,0.6669630845327673,1,0.6669630845327673,82.7,review,0,0.12621429833608577
IDRiD_102,2,1,gamma,gamma_level_1,1,False,0.9462922534974494,1,0.9462922534974494,94.1,review,0,0.006148384320607159
IDRiD_103,0,0,gamma,gamma_level_1,1,False,0.6149526212119267,1,0.6149526212119267,92.7,pass,0,0.02343366794826185
IDRiD_001,4,1,gamma,gamma_level_2,2,False,3.903653362458106e-12,0,0.9999999999960963,33.3,fail,0,0.2293309926743487
IDRiD_002,4,1,gamma,gamma_level_2,2,False,0.004129925519915704,0,0.9958700744800842,48.2,fail,1,0.6557171954335037
IDRiD_003,4,1,gamma,gamma_level_2,2,False,0.7904507122259858,1,0.7904507122259858,59.3,review,0,0.023031588572327122
IDRiD_004,4,1,gamma,gamma_level_2,2,False,0.03607324559199182,0,0.9639267544080081,83.9,review,1,0.4668830553289847
IDRiD_005,4,1,gamma,gamma_level_2,2,False,7.713940558201687e-08,0,0.9999999228605945,52.5,fail,1,0.5769394505653773
IDRiD_006,3,1,gamma,gamma_level_2,2,False,0.7442411700145272,1,0.7442411700145272,73.0,review,0,0.028088802924023493
IDRiD_007,3,1,gamma,gamma_level_2,2,False,0.8035022338253792,1,0.8035022338253792,69.6,review,0,0.09115643345446811
IDRiD_008,2,1,gamma,gamma_level_2,2,False,0.6718686679433289,1,0.6718686679433289,81.9,pass,1,0.27099668626913576
IDRiD_009,2,1,gamma,gamma_level_2,2,False,0.8660623289007671,1,0.8660623289007671,66.9,review,0,0.0053536101467515085
IDRiD_010,2,1,gamma,gamma_level_2,2,False,0.5534032489517285,1,0.5534032489517285,83.8,review,0,0.07135279472439304
IDRiD_011,2,1,gamma,gamma_level_2,2,False,0.239971916168137,0,0.7600280838318629,64.9,review,1,0.4277640981661565
IDRiD_012,2,1,gamma,gamma_level_2,2,False,0.5408023691407271,1,0.5408023691407271,79.9,review,1,0.11200111996293083
IDRiD_013,3,1,gamma,gamma_level_2,2,False,0.8375095817536273,1,0.8375095817536273,84.8,review,0,0.07904667082666816
IDRiD_014,3,1,gamma,gamma_level_2,2,False,0.8785703678410635,1,0.8785703678410635,84.6,review,0,0.08439386160118112
IDRiD_015,2,1,gamma,gamma_level_2,2,False,0.9072670393911174,1,0.9072670393911174,67.8,review,0,0.04502587300362537
IDRiD_016,3,1,gamma,gamma_level_2,2,False,0.8674010040154085,1,0.8674010040154085,69.6,review,0,0.031475206999522554
IDRiD_017,2,1,gamma,gamma_level_2,2,False,0.0010859111578756335,0,0.9989140888421244,58.7,review,1,0.5042189422391817
IDRiD_018,3,1,gamma,gamma_level_2,2,False,0.7277558522576454,1,0.7277558522576454,93.0,pass,0,0.1262806803915184
IDRiD_019,2,1,gamma,gamma_level_2,2,False,0.8409769667319921,1,0.8409769667319921,86.6,pass,0,0.1156959017373721
IDRiD_020,2,1,gamma,gamma_level_2,2,False,0.5210417187444526,1,0.5210417187444526,88.1,review,1,0.09056655265622993
IDRiD_021,3,1,gamma,gamma_level_2,2,False,0.9147038574408942,1,0.9147038574408942,83.7,review,0,0.07241659528566102
IDRiD_022,3,1,gamma,gamma_level_2,2,False,0.9140705459718911,1,0.9140705459718911,84.3,review,0,0.06503305865971776
IDRiD_023,2,1,gamma,gamma_level_2,2,False,0.09781309750241426,0,0.9021869024975857,79.4,review,0,0.3569969139296797
IDRiD_024,2,1,gamma,gamma_level_2,2,False,0.8702061695479868,1,0.8702061695479868,54.6,review,0,0.0015309441924904466
IDRiD_025,3,1,gamma,gamma_level_2,2,False,0.8289287997648784,1,0.8289287997648784,88.7,review,0,0.02022020909642419
IDRiD_026,3,1,gamma,gamma_level_2,2,False,0.8335738225688099,1,0.8335738225688099,87.6,review,0,0.10966635322455165
IDRiD_027,3,1,gamma,gamma_level_2,2,False,0.7881241731340926,1,0.7881241731340926,91.0,review,0,0.06766341533116771
IDRiD_028,2,1,gamma,gamma_level_2,2,False,0.9449289357175751,1,0.9449289357175751,86.2,review,0,0.04419865143113888
IDRiD_029,0,0,gamma,gamma_level_2,2,False,0.4037055640117271,0,0.5962944359882729,93.9,pass,0,0.24468296591436386
IDRiD_030,0,0,gamma,gamma_level_2,2,False,0.3648204531872195,0,0.6351795468127805,89.1,pass,0,0.15163543466346502
IDRiD_031,3,1,gamma,gamma_level_2,2,False,0.7788914898671124,1,0.7788914898671124,76.3,review,0,0.014842312098453658
IDRiD_032,4,1,gamma,gamma_level_2,2,False,0.8666262263390646,1,0.8666262263390646,78.6,review,0,0.1008120840551111
IDRiD_033,2,1,gamma,gamma_level_2,2,False,0.9730733758782415,1,0.9730733758782415,88.9,pass,0,0.3002626554863519
IDRiD_034,3,1,gamma,gamma_level_2,2,False,0.6375707266984334,1,0.6375707266984334,80.7,review,0,0.09519941561450795
IDRiD_035,3,1,gamma,gamma_level_2,2,False,0.7291021125885372,1,0.7291021125885372,85.7,review,0,0.09602603517020492
IDRiD_036,3,1,gamma,gamma_level_2,2,False,0.6473829472928865,1,0.6473829472928865,88.8,pass,0,0.13519603416138137
IDRiD_037,0,0,gamma,gamma_level_2,2,False,0.5297202361935537,1,0.5297202361935537,84.4,review,1,0.0530692360646256
IDRiD_038,0,0,gamma,gamma_level_2,2,False,0.77703785822192,1,0.77703785822192,65.6,review,0,0.07783276802813865
IDRiD_039,0,0,gamma,gamma_level_2,2,False,0.7508807767803478,1,0.7508807767803478,70.0,review,0,0.0656942713098978
IDRiD_040,4,1,gamma,gamma_level_2,2,False,0.8123581224651139,1,0.8123581224651139,77.0,review,0,0.08582634964101687
IDRiD_041,0,0,gamma,gamma_level_2,2,False,0.4557806991191552,0,0.5442193008808448,91.9,pass,1,0.2695134391940287
IDRiD_042,3,1,gamma,gamma_level_2,2,False,0.8063421377446556,1,0.8063421377446556,76.8,review,0,0.15110318875892903
IDRiD_043,0,0,gamma,gamma_level_2,2,False,0.3410629383822807,0,0.6589370616177193,88.3,pass,1,0.24247075096384268
IDRiD_044,0,0,gamma,gamma_level_2,2,False,0.05158801050130507,0,0.9484119894986949,87.5,review,0,0.2640631923998624
IDRiD_045,0,0,gamma,gamma_level_2,2,False,0.6181939761036549,1,0.6181939761036549,76.4,review,0,0.09723829332582923
IDRiD_046,2,1,gamma,gamma_level_2,2,False,0.7093813607658046,1,0.7093813607658046,91.3,review,0,0.10736505990731293
IDRiD_047,0,0,gamma,gamma_level_2,2,False,0.6697720458622541,1,0.6697720458622541,81.0,review,0,0.03982756645802776
IDRiD_048,4,1,gamma,gamma_level_2,2,False,0.6184192684898221,1,0.6184192684898221,91.2,pass,0,0.24990530689833335
IDRiD_049,2,1,gamma,gamma_level_2,2,False,0.0019252731813629291,0,0.9980747268186371,71.7,review,1,0.5342498338359186
IDRiD_050,0,0,gamma,gamma_level_2,2,False,0.6482312064355685,1,0.6482312064355685,79.1,review,0,0.029068291422976955
IDRiD_051,2,1,gamma,gamma_level_2,2,False,0.01814899415497007,0,0.9818510058450299,56.9,fail,1,0.49239297265502113
IDRiD_052,0,0,gamma,gamma_level_2,2,False,0.6766727408579867,1,0.6766727408579867,79.6,review,0,0.18961063650612142
IDRiD_053,4,1,gamma,gamma_level_2,2,False,0.8025323706103873,1,0.8025323706103873,77.4,review,0,0.06352453734263663
IDRiD_054,0,0,gamma,gamma_level_2,2,False,0.6341328442137261,1,0.6341328442137261,91.1,review,0,0.22395172264344887
IDRiD_055,0,0,gamma,gamma_level_2,2,False,0.7655883053482025,1,0.7655883053482025,72.6,review,0,0.16631981244064586
IDRiD_056,0,0,gamma,gamma_level_2,2,False,0.44361226550200356,0,0.5563877344979964,86.7,review,1,0.1104628463627369
IDRiD_057,4,1,gamma,gamma_level_2,2,False,0.6085679964177985,1,0.6085679964177985,76.7,review,0,0.27598335798436935
IDRiD_058,0,0,gamma,gamma_level_2,2,False,0.8169496255140423,1,0.8169496255140423,70.6,review,0,0.160364236894175
IDRiD_059,2,1,gamma,gamma_level_2,2,False,0.8407571739362062,1,0.8407571739362062,69.6,review,0,0.0054882368800720505
IDRiD_060,3,1,gamma,gamma_level_2,2,False,0.24226286307630723,0,0.7577371369236927,86.1,review,0,0.09747093253089009
IDRiD_061,4,1,gamma,gamma_level_2,2,False,0.8085935470584257,1,0.8085935470584257,71.8,review,0,0.12504155143309725
IDRiD_062,4,1,gamma,gamma_level_2,2,False,0.7553729633082703,1,0.7553729633082703,77.6,review,0,0.17606266396535342
IDRiD_063,1,0,gamma,gamma_level_2,2,False,0.30544741312162466,0,0.6945525868783753,92.6,pass,1,0.2281377112577549
IDRiD_064,3,1,gamma,gamma_level_2,2,False,0.7146422509506609,1,0.7146422509506609,77.2,review,0,0.022623833348329292
IDRiD_065,2,1,gamma,gamma_level_2,2,False,0.8238491280575257,1,0.8238491280575257,84.0,review,0,0.04105733703647374
IDRiD_066,3,1,gamma,gamma_level_2,2,False,0.10288973577268483,0,0.8971102642273152,64.4,review,1,0.6494739056216657
IDRiD_067,2,1,gamma,gamma_level_2,2,False,0.8758816103620312,1,0.8758816103620312,65.4,review,0,0.052004400184172184
IDRiD_068,0,0,gamma,gamma_level_2,2,False,0.5977924154398757,1,0.5977924154398757,83.9,review,0,0.2580810387278012
IDRiD_069,0,0,gamma,gamma_level_2,2,False,0.725759522935365,1,0.725759522935365,61.8,review,0,0.1553618203422551
IDRiD_070,0,0,gamma,gamma_level_2,2,False,0.5611177800775797,1,0.5611177800775797,88.1,pass,0,0.16887252660561536
IDRiD_071,0,0,gamma,gamma_level_2,2,False,2.329453762923966e-06,0,0.9999976705462371,52.6,fail,0,0.2080143815278329
IDRiD_072,2,1,gamma,gamma_level_2,2,False,0.9707710602374661,1,0.9707710602374661,77.7,review,0,0.007313056646559235
IDRiD_073,1,0,gamma,gamma_level_2,2,False,0.6270171581049688,1,0.6270171581049688,63.7,review,0,0.1291644528699314
IDRiD_074,1,0,gamma,gamma_level_2,2,False,0.30096555709823514,0,0.6990344429017649,72.5,review,0,0.1506495807291282
IDRiD_075,0,0,gamma,gamma_level_2,2,False,0.3318931566103407,0,0.6681068433896593,85.1,review,0,0.032505331651930924
IDRiD_076,2,1,gamma,gamma_level_2,2,False,0.48271029857115133,0,0.5172897014288487,69.6,review,0,0.008881838488218885
IDRiD_077,0,0,gamma,gamma_level_2,2,False,0.804286178877733,1,0.804286178877733,78.8,review,0,0.09061405073419815
IDRiD_078,0,0,gamma,gamma_level_2,2,False,0.7318769163348343,1,0.7318769163348343,77.4,review,1,0.24114437442617997
IDRiD_079,2,1,gamma,gamma_level_2,2,False,0.6945179842698093,1,0.6945179842698093,77.2,review,0,0.15947306683846496
IDRiD_080,0,0,gamma,gamma_level_2,2,False,0.2817409296620609,0,0.7182590703379391,89.8,review,0,0.05230902860025605
IDRiD_081,2,1,gamma,gamma_level_2,2,False,0.8565905934550505,1,0.8565905934550505,76.9,review,0,0.09135433948294358
IDRiD_082,2,1,gamma,gamma_level_2,2,False,0.5035093324910488,1,0.5035093324910488,66.5,review,0,0.07666504060695778
IDRiD_083,2,1,gamma,gamma_level_2,2,False,0.8918339501634195,1,0.8918339501634195,80.9,review,1,0.5156700209073731
IDRiD_084,2,1,gamma,gamma_level_2,2,False,0.2149551178995459,0,0.7850448821004541,80.4,review,0,0.16951710864247582
IDRiD_085,1,0,gamma,gamma_level_2,2,False,0.550249922452785,1,0.550249922452785,76.3,review,0,0.337414182989062
IDRiD_086,2,1,gamma,gamma_level_2,2,False,0.6984829273576312,1,0.6984829273576312,75.5,review,0,0.050798674701876156
IDRiD_087,4,1,gamma,gamma_level_2,2,False,0.9007154669357764,1,0.9007154669357764,75.3,review,0,0.04656647190612262
IDRiD_088,2,1,gamma,gamma_level_2,2,False,0.5251760179252672,1,0.5251760179252672,90.3,pass,0,0.19850677645613257
IDRiD_089,2,1,gamma,gamma_level_2,2,False,0.6212675096869642,1,0.6212675096869642,85.2,review,0,0.08685415444333366
IDRiD_090,0,0,gamma,gamma_level_2,2,False,0.23488909119076137,0,0.7651109088092386,91.8,pass,0,0.03388646969643644
IDRiD_091,2,1,gamma,gamma_level_2,2,False,0.9159667999700245,1,0.9159667999700245,72.9,review,0,0.016899010331222764
IDRiD_092,0,0,gamma,gamma_level_2,2,False,6.68622358153918e-08,0,0.9999999331377641,42.1,fail,0,0.12173353543947252
IDRiD_093,0,0,gamma,gamma_level_2,2,False,0.8520512452286528,1,0.8520512452286528,56.9,review,0,0.049951283582444495
IDRiD_094,0,0,gamma,gamma_level_2,2,False,0.647709384098055,1,0.647709384098055,73.6,review,0,0.11278573060845065
IDRiD_095,0,0,gamma,gamma_level_2,2,False,0.6290452141506047,1,0.6290452141506047,76.8,review,1,0.1492888268592375
IDRiD_096,0,0,gamma,gamma_level_2,2,False,0.4840782240792768,0,0.5159217759207232,76.2,review,1,0.0288383360662966
IDRiD_097,0,0,gamma,gamma_level_2,2,False,0.2964379864840231,0,0.7035620135159769,71.4,review,1,0.24859217572357484
IDRiD_098,0,0,gamma,gamma_level_2,2,False,1.5461704063754607e-10,0,0.999999999845383,40.7,fail,0,0.03331569125294707
IDRiD_099,0,0,gamma,gamma_level_2,2,False,0.4840492799603712,0,0.5159507200396287,88.2,pass,0,0.2658912476927895
IDRiD_100,2,1,gamma,gamma_level_2,2,False,0.8491497730290808,1,0.8491497730290808,67.8,review,0,0.06864653835661161
IDRiD_101,1,0,gamma,gamma_level_2,2,False,0.8618133842222898,1,0.8618133842222898,70.5,review,0,0.06863600135343673
IDRiD_102,2,1,gamma,gamma_level_2,2,False,0.9691282421804093,1,0.9691282421804093,88.7,review,0,0.016687604362352726
IDRiD_103,0,0,gamma,gamma_level_2,2,False,0.6428854809988035,1,0.6428854809988035,80.4,review,0,0.004499191838614913
IDRiD_001,4,1,gamma,gamma_level_3,3,False,0.00017443718610367554,0,0.9998255628138963,30.7,fail,0,0.22915655549214867
IDRiD_002,4,1,gamma,gamma_level_3,3,False,8.88343577305133e-08,0,0.9999999111656422,38.6,fail,1,0.6598470321190617
IDRiD_003,4,1,gamma,gamma_level_3,3,False,0.046265466946206785,0,0.9537345330537932,41.6,fail,1,0.7672168338521062
IDRiD_004,4,1,gamma,gamma_level_3,3,False,2.9215342154488333e-05,0,0.9999707846578455,63.6,fail,1,0.502927085578822
IDRiD_005,4,1,gamma,gamma_level_3,3,False,4.041345052245012e-09,0,0.999999995958655,37.7,fail,1,0.5769395236634378
IDRiD_006,3,1,gamma,gamma_level_3,3,False,0.10659152390096249,0,0.8934084760990375,52.9,fail,1,0.6095608431895412
IDRiD_007,3,1,gamma,gamma_level_3,3,False,0.6313237061090449,1,0.6313237061090449,59.5,review,0,0.26333496117080246
IDRiD_008,2,1,gamma,gamma_level_3,3,False,0.6974461867781451,1,0.6974461867781451,68.3,review,1,0.29657420510395194
IDRiD_009,2,1,gamma,gamma_level_3,3,False,0.1686589361437451,0,0.8313410638562548,48.2,fail,1,0.6920497826102705
IDRiD_010,2,1,gamma,gamma_level_3,3,False,0.008938604059301154,0,0.9910613959406989,67.4,review,1,0.6158174396168205
IDRiD_011,2,1,gamma,gamma_level_3,3,False,0.00026052895979967723,0,0.9997394710402003,46.7,fail,1,0.6674754853744939
IDRiD_012,2,1,gamma,gamma_level_3,3,False,0.6097421841061594,1,0.6097421841061594,66.3,review,1,0.18094093492836316
IDRiD_013,3,1,gamma,gamma_level_3,3,False,0.8795768870458188,1,0.8795768870458188,73.2,review,0,0.03697936553447667
IDRiD_014,3,1,gamma,gamma_level_3,3,False,0.9318035957325875,1,0.9318035957325875,75.8,review,0,0.03116063370965705
IDRiD_015,2,1,gamma,gamma_level_3,3,False,0.4543019549742754,0,0.5456980450257246,55.6,fail,1,0.4979909574204674
IDRiD_016,3,1,gamma,gamma_level_3,3,False,0.48114693208541526,0,0.5188530679145847,56.3,review,1,0.41772927892951583
IDRiD_017,2,1,gamma,gamma_level_3,3,False,3.9198664290583995e-11,0,0.9999999999608014,39.9,fail,1,0.5053048533578587
IDRiD_018,3,1,gamma,gamma_level_3,3,False,0.5374044050328337,1,0.5374044050328337,81.8,review,0,0.06407076683329327
IDRiD_019,2,1,gamma,gamma_level_3,3,False,0.8260994339155534,1,0.8260994339155534,73.5,review,0,0.10081836892093343
IDRiD_020,2,1,gamma,gamma_level_3,3,False,0.7903525971145251,1,0.7903525971145251,75.2,review,1,0.35987743102630243
IDRiD_021,3,1,gamma,gamma_level_3,3,False,0.9499092824758236,1,0.9499092824758236,73.7,review,0,0.03721117025073162
IDRiD_022,3,1,gamma,gamma_level_3,3,False,0.9517813905074212,1,0.9517813905074212,73.3,review,0,0.02732221412418767
IDRiD_023,2,1,gamma,gamma_level_3,3,False,0.005902716012331745,0,0.9940972839876683,65.1,review,0,0.4489072954197622
IDRiD_024,2,1,gamma,gamma_level_3,3,False,0.552911605138124,1,0.552911605138124,45.8,fail,0,0.31576362021737236
IDRiD_025,3,1,gamma,gamma_level_3,3,False,0.8359148497685599,1,0.8359148497685599,76.2,review,0,0.027206259100105656
IDRiD_026,3,1,gamma,gamma_level_3,3,False,0.8325193571059899,1,0.8325193571059899,75.3,review,0,0.1086118877617317
IDRiD_027,3,1,gamma,gamma_level_3,3,False,0.8944427644474748,1,0.8944427644474748,81.8,review,0,0.038655175982214574
IDRiD_028,2,1,gamma,gamma_level_3,3,False,0.8500453342751776,1,0.8500453342751776,75.5,review,0,0.05068495001125861
IDRiD_029,0,0,gamma,gamma_level_3,3,False,0.383471717658231,0,0.616528282341769,81.3,review,0,0.2244491195608678
IDRiD_030,0,0,gamma,gamma_level_3,3,False,0.0916241876131707,0,0.9083758123868293,76.0,review,0,0.12156083091058378
IDRiD_031,3,1,gamma,gamma_level_3,3,False,0.38420061567233615,0,0.6157993843276639,63.7,fail,1,0.40953318629322993
IDRiD_032,4,1,gamma,gamma_level_3,3,False,0.08910787592240342,0,0.9108921240775966,65.8,review,1,0.6767062663615501
IDRiD_033,2,1,gamma,gamma_level_3,3,False,0.9190634788463903,1,0.9190634788463903,76.4,review,0,0.24625275845450068
IDRiD_034,3,1,gamma,gamma_level_3,3,False,0.1606329434172216,0,0.8393670565827784,63.9,review,1,0.5721371988957198
IDRiD_035,3,1,gamma,gamma_level_3,3,False,0.4910303331386494,0,0.5089696668613506,73.9,review,1,0.14204574427968286
IDRiD_036,3,1,gamma,gamma_level_3,3,False,0.7790853554784555,1,0.7790853554784555,76.1,review,0,0.0034936259758123756
IDRiD_037,0,0,gamma,gamma_level_3,3,False,0.428925542427275,0,0.571074457572725,69.8,review,0,0.047725457701653096
IDRiD_038,0,0,gamma,gamma_level_3,3,False,0.3157750267492028,0,0.6842249732507972,50.7,fail,1,0.3834300634445785
IDRiD_039,0,0,gamma,gamma_level_3,3,False,0.11999578373466942,0,0.8800042162653305,51.5,fail,1,0.6965792643555762
IDRiD_040,4,1,gamma,gamma_level_3,3,False,0.8779910541440064,1,0.8779910541440064,65.4,review,0,0.02019341796212437
IDRiD_041,0,0,gamma,gamma_level_3,3,False,0.8101958170378186,1,0.8101958170378186,78.0,review,0,0.08490167872463472
IDRiD_042,3,1,gamma,gamma_level_3,3,False,0.8704727457130202,1,0.8704727457130202,64.8,review,0,0.08697258079056436
IDRiD_043,0,0,gamma,gamma_level_3,3,False,0.54059615859411,1,0.54059615859411,76.7,review,0,0.04293753075201334
IDRiD_044,0,0,gamma,gamma_level_3,3,False,0.046963420876453076,0,0.9530365791235469,68.4,review,0,0.26868778202471444
IDRiD_045,0,0,gamma,gamma_level_3,3,False,0.6945376792158787,1,0.6945376792158787,63.1,review,0,0.020894590213605402
IDRiD_046,2,1,gamma,gamma_level_3,3,False,0.8301384451563779,1,0.8301384451563779,80.8,review,0,0.013392024483260379
IDRiD_047,0,0,gamma,gamma_level_3,3,False,0.688481469317485,1,0.688481469317485,67.4,review,0,0.05853698991325862
IDRiD_048,4,1,gamma,gamma_level_3,3,False,0.7306273064772789,1,0.7306273064772789,76.3,review,0,0.13769726891087652
IDRiD_049,2,1,gamma,gamma_level_3,3,False,1.00916112814432e-08,0,0.9999999899083887,53.3,fail,1,0.5361750969256702
IDRiD_050,0,0,gamma,gamma_level_3,3,False,0.8359762677495384,1,0.8359762677495384,64.3,review,0,0.15867676989099289
IDRiD_051,2,1,gamma,gamma_level_3,3,False,8.489507162793771e-11,0,0.9999999999151049,38.5,fail,1,0.5105419667250961
IDRiD_052,0,0,gamma,gamma_level_3,3,False,0.8194297347902323,1,0.8194297347902323,67.0,review,0,0.04685364257387581
IDRiD_053,4,1,gamma,gamma_level_3,3,False,0.3166879970027058,0,0.6833120029972942,62.7,review,1,0.5493689109503181
IDRiD_054,0,0,gamma,gamma_level_3,3,False,0.7552517554849462,1,0.7552517554849462,81.3,review,0,0.10283281137222877
IDRiD_055,0,0,gamma,gamma_level_3,3,False,0.6239335976255924,1,0.6239335976255924,59.9,review,0,0.024665104718035735
IDRiD_056,0,0,gamma,gamma_level_3,3,False,0.091771952961293,0,0.908228047038707,74.2,review,1,0.4623031589034475
IDRiD_057,4,1,gamma,gamma_level_3,3,False,0.05105484338824297,0,0.948945156611757,58.1,fail,1,0.8334965110139249
IDRiD_058,0,0,gamma,gamma_level_3,3,False,0.06837213132003225,0,0.9316278686799677,51.2,fail,1,0.588213257299835
IDRiD_059,2,1,gamma,gamma_level_3,3,False,0.7492239343476983,1,0.7492239343476983,58.1,review,0,0.09702147646857995
IDRiD_060,3,1,gamma,gamma_level_3,3,False,0.06761054025005532,0,0.9323894597499447,70.6,review,0,0.07718139029536182
IDRiD_061,4,1,gamma,gamma_level_3,3,False,0.6981645451186193,1,0.6981645451186193,60.9,review,0,0.23547055337290368
IDRiD_062,4,1,gamma,gamma_level_3,3,False,0.8449314309317894,1,0.8449314309317894,65.0,review,0,0.08650419634183437
IDRiD_063,1,0,gamma,gamma_level_3,3,False,0.4261518182981641,0,0.5738481817018359,80.1,review,1,0.10743330608121543
IDRiD_064,3,1,gamma,gamma_level_3,3,False,0.7980815905553453,1,0.7980815905553453,65.0,review,0,0.1060631729530137
IDRiD_065,2,1,gamma,gamma_level_3,3,False,0.8560632178367673,1,0.8560632178367673,73.2,review,0,0.008843247257232179
IDRiD_066,3,1,gamma,gamma_level_3,3,False,0.00022277118208329088,0,0.9997772288179168,44.5,fail,1,0.7521408702122673
IDRiD_067,2,1,gamma,gamma_level_3,3,False,0.7886892172467127,1,0.7886892172467127,56.0,fail,0,0.13919679329949064
IDRiD_068,0,0,gamma,gamma_level_3,3,False,0.7674707567877952,1,0.7674707567877952,70.6,review,0,0.08840269737988171
IDRiD_069,0,0,gamma,gamma_level_3,3,False,0.02331724087909878,0,0.9766827591209012,43.0,fail,1,0.5470804617140111
IDRiD_070,0,0,gamma,gamma_level_3,3,False,0.7087548230026759,1,0.7087548230026759,73.9,review,0,0.021235483680519196
IDRiD_071,0,0,gamma,gamma_level_3,3,False,4.535826264838324e-07,0,0.9999995464173735,40.3,fail,0,0.2080162573989693
IDRiD_072,2,1,gamma,gamma_level_3,3,False,0.9469795275522565,1,0.9469795275522565,67.8,review,0,0.03110458933176885
IDRiD_073,1,0,gamma,gamma_level_3,3,False,0.017184096774854316,0,0.9828159032251457,44.8,fail,1,0.7389975142000459
IDRiD_074,1,0,gamma,gamma_level_3,3,False,0.0072840723815939925,0,0.992715927618406,52.3,fail,0,0.44433106544576934
IDRiD_075,0,0,gamma,gamma_level_3,3,False,0.14344368158830254,0,0.8565563184116974,74.1,review,0,0.22095480667396908
IDRiD_076,2,1,gamma,gamma_level_3,3,False,2.2810266097458098e-08,0,0.9999999771897339,46.9,fail,0,0.4738284372726663
IDRiD_077,0,0,gamma,gamma_level_3,3,False,0.002089375796952249,0,0.9979106242030478,61.2,fail,1,0.7115827523465826
IDRiD_078,0,0,gamma,gamma_level_3,3,False,0.6182486510914933,1,0.6182486510914933,64.8,review,1,0.12751610918283895
IDRiD_079,2,1,gamma,gamma_level_3,3,False,0.27637107947998085,0,0.7236289205200191,61.5,fail,1,0.25867383795136345
IDRiD_080,0,0,gamma,gamma_level_3,3,False,0.06585067807347264,0,0.9341493219265273,71.8,review,0,0.2681992801888443
IDRiD_081,2,1,gamma,gamma_level_3,3,False,0.8867497074724486,1,0.8867497074724486,68.2,review,0,0.1215134535003417
IDRiD_082,2,1,gamma,gamma_level_3,3,False,0.007956562564774358,0,0.9920434374352256,46.5,fail,1,0.5722178105332322
IDRiD_083,2,1,gamma,gamma_level_3,3,False,0.8779734116624338,1,0.8779734116624338,73.3,review,1,0.5018094824063875
IDRiD_084,2,1,gamma,gamma_level_3,3,False,0.00022174724277125167,0,0.9997782527572288,57.7,fail,0,0.3842504792992505
IDRiD_085,1,0,gamma,gamma_level_3,3,False,0.8274652824459258,1,0.8274652824459258,64.1,review,0,0.060198822995921275
IDRiD_086,2,1,gamma,gamma_level_3,3,False,0.6962032820341387,1,0.6962032820341387,61.4,review,0,0.048519029378383705
IDRiD_087,4,1,gamma,gamma_level_3,3,False,0.36091245284908335,0,0.6390875471509166,63.1,review,1,0.5863694859928157
IDRiD_088,2,1,gamma,gamma_level_3,3,False,0.5266731088458115,1,0.5266731088458115,80.7,review,0,0.19700968553558829
IDRiD_089,2,1,gamma,gamma_level_3,3,False,0.04308782256021377,0,0.9569121774397862,71.5,review,1,0.665033841570084
IDRiD_090,0,0,gamma,gamma_level_3,3,False,0.049201250891235046,0,0.9507987491087649,82.2,review,0,0.1518013706030899
IDRiD_091,2,1,gamma,gamma_level_3,3,False,0.1432074122420342,0,0.8567925877579659,56.5,fail,1,0.7896583980592131
IDRiD_092,0,0,gamma,gamma_level_3,3,False,4.898896555821892e-13,0,0.9999999999995101,26.0,fail,0,0.12173360230121845
IDRiD_093,0,0,gamma,gamma_level_3,3,False,0.19750492273661,0,0.80249507726339,47.1,fail,1,0.6045950389095983
IDRiD_094,0,0,gamma,gamma_level_3,3,False,0.6322073021940605,1,0.6322073021940605,61.5,review,0,0.12828781251244514
IDRiD_095,0,0,gamma,gamma_level_3,3,False,0.023791297240426286,0,0.9762087027595737,56.6,fail,0,0.4559650900509409
IDRiD_096,0,0,gamma,gamma_level_3,3,False,0.6232626453533738,1,0.6232626453533738,62.5,review,0,0.11034608520780043
IDRiD_097,0,0,gamma,gamma_level_3,3,False,0.008704541850461761,0,0.9912954581495382,58.9,fail,1,0.5363256203571362
IDRiD_098,0,0,gamma,gamma_level_3,3,False,3.8684869844744636e-16,0,0.9999999999999997,23.2,fail,0,0.03331569140756372
IDRiD_099,0,0,gamma,gamma_level_3,3,False,0.34550933830007546,0,0.6544906616999245,75.2,review,0,0.12735130603249373
IDRiD_100,2,1,gamma,gamma_level_3,3,False,0.3535760102390346,0,0.6464239897609654,54.0,fail,1,0.42692722443343456
IDRiD_101,1,0,gamma,gamma_level_3,3,False,0.34756858122387085,0,0.6524314187761291,56.4,fail,1,0.44560880164498223
IDRiD_102,2,1,gamma,gamma_level_3,3,False,0.9833505099249477,1,0.9833505099249477,81.4,review,0,0.030909872106891112
IDRiD_103,0,0,gamma,gamma_level_3,3,False,0.5020464473535651,1,0.5020464473535651,67.0,review,0,0.1363398418066235
IDRiD_001,4,1,color_shift,color_shift_level_1,1,False,0.3929929660636932,0,0.6070070339363067,59.8,review,0,0.16366197338544086
IDRiD_002,4,1,color_shift,color_shift_level_1,1,False,0.7156079713505622,1,0.7156079713505622,79.8,review,0,0.055760850397142736
IDRiD_003,4,1,color_shift,color_shift_level_1,1,False,0.7964461077111845,1,0.7964461077111845,83.3,review,0,0.01703619308712845
IDRiD_004,4,1,color_shift,color_shift_level_1,1,False,0.5664438767374144,1,0.5664438767374144,98.6,pass,0,0.06348757581643782
IDRiD_005,4,1,color_shift,color_shift_level_1,1,False,0.5992396247845804,1,0.5992396247845804,86.1,pass,0,0.02230009707979752
IDRiD_006,3,1,color_shift,color_shift_level_1,1,False,0.6812706015603189,1,0.6812706015603189,97.2,pass,0,0.03488176553018474
IDRiD_007,3,1,color_shift,color_shift_level_1,1,False,0.9180574652733373,1,0.9180574652733373,90.1,pass,0,0.023398797993489984
IDRiD_008,2,1,color_shift,color_shift_level_1,1,False,0.7847289433928397,1,0.7847289433928397,95.2,pass,1,0.3838569617186466
IDRiD_009,2,1,color_shift,color_shift_level_1,1,False,0.8491691492201963,1,0.8491691492201963,89.2,review,0,0.011539569533819294
IDRiD_010,2,1,color_shift,color_shift_level_1,1,False,0.6351476852912235,1,0.6351476852912235,98.4,pass,0,0.010391641615101865
IDRiD_011,2,1,color_shift,color_shift_level_1,1,False,0.6609846027124276,1,0.6609846027124276,89.4,pass,0,0.006751411621865877
IDRiD_012,2,1,color_shift,color_shift_level_1,1,False,0.6453047065019287,1,0.6453047065019287,96.1,pass,1,0.21650345732413245
IDRiD_013,3,1,color_shift,color_shift_level_1,1,False,0.9572053397213953,1,0.9572053397213953,90.1,review,0,0.04064908714109983
IDRiD_014,3,1,color_shift,color_shift_level_1,1,False,0.8214795230866775,1,0.8214795230866775,89.1,review,0,0.1414847063555671
IDRiD_015,2,1,color_shift,color_shift_level_1,1,False,0.9614704347344938,1,0.9614704347344938,91.7,pass,0,0.009177522339750999
IDRiD_016,3,1,color_shift,color_shift_level_1,1,False,0.9226720951682932,1,0.9226720951682932,92.5,pass,0,0.02379588415336209
IDRiD_017,2,1,color_shift,color_shift_level_1,1,False,0.6590091372377949,1,0.6590091372377949,83.7,review,0,0.15370428384073753
IDRiD_018,3,1,color_shift,color_shift_level_1,1,False,0.6413046220336481,1,0.6413046220336481,97.5,pass,0,0.03982945016752115
IDRiD_019,2,1,color_shift,color_shift_level_1,1,False,0.7467541797061373,1,0.7467541797061373,95.5,pass,0,0.02147311471151736
IDRiD_020,2,1,color_shift,color_shift_level_1,1,False,0.5939365542966655,1,0.5939365542966655,96.7,pass,1,0.1634613882084428
IDRiD_021,3,1,color_shift,color_shift_level_1,1,False,0.9648646527435826,1,0.9648646527435826,92.1,review,0,0.022255799982972668
IDRiD_022,3,1,color_shift,color_shift_level_1,1,False,0.9788850770778049,1,0.9788850770778049,91.6,review,0,0.00021852755380391553
IDRiD_023,2,1,color_shift,color_shift_level_1,1,False,0.5668370974995571,1,0.5668370974995571,93.2,pass,1,0.1120270860674632
IDRiD_024,2,1,color_shift,color_shift_level_1,1,False,0.8637195299255687,1,0.8637195299255687,74.6,review,0,0.004955695429927687
IDRiD_025,3,1,color_shift,color_shift_level_1,1,False,0.8386881162989648,1,0.8386881162989648,93.6,pass,0,0.02997952563051054
IDRiD_026,3,1,color_shift,color_shift_level_1,1,False,0.8818258120312177,1,0.8818258120312177,94.0,pass,0,0.15791834268695948
IDRiD_027,3,1,color_shift,color_shift_level_1,1,False,0.8314574502291414,1,0.8314574502291414,90.6,pass,0,0.024330138236118848
IDRiD_028,2,1,color_shift,color_shift_level_1,1,False,0.8856153907657083,1,0.8856153907657083,98.4,pass,0,0.015114893520727923
IDRiD_029,0,0,color_shift,color_shift_level_1,1,False,0.2515175459854525,0,0.7484824540145475,92.2,pass,0,0.09249494788808929
IDRiD_030,0,0,color_shift,color_shift_level_1,1,False,0.3404829578854348,0,0.6595170421145652,98.4,pass,0,0.12729793936168032
IDRiD_031,3,1,color_shift,color_shift_level_1,1,False,0.8801281530532042,1,0.8801281530532042,96.3,pass,0,0.08639435108763815
IDRiD_032,4,1,color_shift,color_shift_level_1,1,False,0.8618769657108025,1,0.8618769657108025,97.5,pass,0,0.09606282342684902
IDRiD_033,2,1,color_shift,color_shift_level_1,1,False,0.835592313589397,1,0.835592313589397,95.3,pass,0,0.1627815931975074
IDRiD_034,3,1,color_shift,color_shift_level_1,1,False,0.8654805130283805,1,0.8654805130283805,99.0,pass,0,0.13271037071543912
IDRiD_035,3,1,color_shift,color_shift_level_1,1,False,0.7302813914627324,1,0.7302813914627324,99.0,pass,0,0.09720531404440014
IDRiD_036,3,1,color_shift,color_shift_level_1,1,False,0.7197001375774941,1,0.7197001375774941,93.7,pass,0,0.06287884387677378
IDRiD_037,0,0,color_shift,color_shift_level_1,1,False,0.5606704404961114,1,0.5606704404961114,98.2,pass,1,0.08401944036718328
IDRiD_038,0,0,color_shift,color_shift_level_1,1,False,0.704740283769914,1,0.704740283769914,91.6,pass,0,0.005535193576132746
IDRiD_039,0,0,color_shift,color_shift_level_1,1,False,0.8378011070830548,1,0.8378011070830548,93.9,pass,0,0.02122605899280916
IDRiD_040,4,1,color_shift,color_shift_level_1,1,False,0.8957037400431289,1,0.8957037400431289,94.3,pass,0,0.0024807320630018115
IDRiD_041,0,0,color_shift,color_shift_level_1,1,False,0.8071104077644733,1,0.8071104077644733,91.4,review,0,0.08181626945128939
IDRiD_042,3,1,color_shift,color_shift_level_1,1,False,0.9746251923793074,1,0.9746251923793074,91.0,pass,0,0.017179865875722844
IDRiD_043,0,0,color_shift,color_shift_level_1,1,False,0.6175216471930547,1,0.6175216471930547,94.7,pass,0,0.033987957846931316
IDRiD_044,0,0,color_shift,color_shift_level_1,1,False,0.3841809029378854,0,0.6158190970621146,99.3,pass,0,0.06852970003671793
IDRiD_045,0,0,color_shift,color_shift_level_1,1,False,0.7473410702580912,1,0.7473410702580912,95.8,pass,0,0.03190880082860703
IDRiD_046,2,1,color_shift,color_shift_level_1,1,False,0.8602457202282754,1,0.8602457202282754,88.0,review,0,0.043499299555157855
IDRiD_047,0,0,color_shift,color_shift_level_1,1,False,0.6259482666441082,1,0.6259482666441082,99.2,pass,0,0.00399621276011819
IDRiD_048,4,1,color_shift,color_shift_level_1,1,False,0.8790914030045031,1,0.8790914030045031,90.4,review,0,0.010766827616347618
IDRiD_049,2,1,color_shift,color_shift_level_1,1,False,0.5363027234835704,1,0.5363027234835704,94.8,pass,0,0.00012761646628889345
IDRiD_050,0,0,color_shift,color_shift_level_1,1,False,0.8363135994029692,1,0.8363135994029692,95.7,pass,0,0.15901410154442375
IDRiD_051,2,1,color_shift,color_shift_level_1,1,False,0.6739743644679309,1,0.6739743644679309,83.9,pass,0,0.1634323976579397
IDRiD_052,0,0,color_shift,color_shift_level_1,1,False,0.8667553307350433,1,0.8667553307350433,94.4,pass,0,0.0004719533709351964
IDRiD_053,4,1,color_shift,color_shift_level_1,1,False,0.9041648879421734,1,0.9041648879421734,97.4,pass,0,0.0381079799891495
IDRiD_054,0,0,color_shift,color_shift_level_1,1,False,0.7258489667051634,1,0.7258489667051634,86.9,review,0,0.13223560015201152
IDRiD_055,0,0,color_shift,color_shift_level_1,1,False,0.6383242672125707,1,0.6383242672125707,96.5,pass,0,0.03905577430501406
IDRiD_056,0,0,color_shift,color_shift_level_1,1,False,0.36827435623675425,0,0.6317256437632457,97.8,pass,1,0.1858007556279862
IDRiD_057,4,1,color_shift,color_shift_level_1,1,False,0.9109516075153754,1,0.9109516075153754,98.2,pass,0,0.026400253113207595
IDRiD_058,0,0,color_shift,color_shift_level_1,1,False,0.7164240734578339,1,0.7164240734578339,96.5,pass,0,0.059838684837966616
IDRiD_059,2,1,color_shift,color_shift_level_1,1,False,0.9156417152031155,1,0.9156417152031155,93.1,pass,0,0.0693963043868373
IDRiD_060,3,1,color_shift,color_shift_level_1,1,False,0.26291947825676776,0,0.7370805217432322,99.3,pass,0,0.11812754771135062
IDRiD_061,4,1,color_shift,color_shift_level_1,1,False,0.9325250948858302,1,0.9325250948858302,92.3,pass,0,0.0011100036056926887
IDRiD_062,4,1,color_shift,color_shift_level_1,1,False,0.9336483029060524,1,0.9336483029060524,95.3,pass,0,0.0022126756324286623
IDRiD_063,1,0,color_shift,color_shift_level_1,1,False,0.36887516527601527,0,0.6311248347239847,95.7,pass,1,0.16470995910336428
IDRiD_064,3,1,color_shift,color_shift_level_1,1,False,0.7397585577016723,1,0.7397585577016723,97.3,pass,0,0.04774014009934069
IDRiD_065,2,1,color_shift,color_shift_level_1,1,False,0.8748814426022065,1,0.8748814426022065,95.5,pass,0,0.009974977508206972
IDRiD_066,3,1,color_shift,color_shift_level_1,1,False,0.7757932525111588,1,0.7757932525111588,90.7,pass,0,0.023429611116808302
IDRiD_067,2,1,color_shift,color_shift_level_1,1,False,0.9283226008981273,1,0.9283226008981273,88.7,pass,0,0.0004365903519240044
IDRiD_068,0,0,color_shift,color_shift_level_1,1,False,0.8934104604699507,1,0.8934104604699507,95.1,pass,0,0.037537006302273745
IDRiD_069,0,0,color_shift,color_shift_level_1,1,False,0.6007329572053633,1,0.6007329572053633,87.9,review,0,0.030335254612253393
IDRiD_070,0,0,color_shift,color_shift_level_1,1,False,0.8172310031926185,1,0.8172310031926185,93.6,pass,0,0.08724069650942345
IDRiD_071,0,0,color_shift,color_shift_level_1,1,False,0.25140361313434895,0,0.7485963868656511,87.9,review,0,0.04338690215275315
IDRiD_072,2,1,color_shift,color_shift_level_1,1,False,0.9760152547546956,1,0.9760152547546956,94.3,review,0,0.0020688621293296627
IDRiD_073,1,0,color_shift,color_shift_level_1,1,False,0.7901620428115617,1,0.7901620428115617,87.5,review,0,0.03398043183666144
IDRiD_074,1,0,color_shift,color_shift_level_1,1,False,0.5888894697321376,1,0.5888894697321376,96.7,pass,1,0.13727433190477428
IDRiD_075,0,0,color_shift,color_shift_level_1,1,False,0.3138123982983073,0,0.6861876017016927,93.1,pass,0,0.0505860899639643
IDRiD_076,2,1,color_shift,color_shift_level_1,1,False,0.5956923167657872,1,0.5956923167657872,95.5,pass,1,0.12186385668285471
IDRiD_077,0,0,color_shift,color_shift_level_1,1,False,0.7423208665441673,1,0.7423208665441673,98.0,pass,0,0.028648738400632423
IDRiD_078,0,0,color_shift,color_shift_level_1,1,False,0.484346978442705,0,0.515653021557295,97.4,pass,0,0.006385563465949318
IDRiD_079,2,1,color_shift,color_shift_level_1,1,False,0.5178784402079314,1,0.5178784402079314,98.5,pass,0,0.017166477223412913
IDRiD_080,0,0,color_shift,color_shift_level_1,1,False,0.3180417546894613,0,0.6819582453105387,98.3,pass,0,0.01600820357285565
IDRiD_081,2,1,color_shift,color_shift_level_1,1,False,0.7422535048131728,1,0.7422535048131728,89.5,review,0,0.022982749158934168
IDRiD_082,2,1,color_shift,color_shift_level_1,1,False,0.6351420202645468,1,0.6351420202645468,91.8,pass,0,0.054967647166540234
IDRiD_083,2,1,color_shift,color_shift_level_1,1,False,0.3407365603320796,0,0.6592634396679204,83.6,review,0,0.03542736892396675
IDRiD_084,2,1,color_shift,color_shift_level_1,1,False,0.3606297253493914,0,0.6393702746506086,98.4,pass,0,0.023842501192630317
IDRiD_085,1,0,color_shift,color_shift_level_1,1,False,0.9085368250319006,1,0.9085368250319006,92.8,pass,0,0.020872719590053546
IDRiD_086,2,1,color_shift,color_shift_level_1,1,False,0.6461097314897154,1,0.6461097314897154,98.2,pass,0,0.0015745211660396219
IDRiD_087,4,1,color_shift,color_shift_level_1,1,False,0.9484705263638137,1,0.9484705263638137,93.8,pass,0,0.0011885875219146413
IDRiD_088,2,1,color_shift,color_shift_level_1,1,False,0.7748380860031853,1,0.7748380860031853,98.2,pass,0,0.05115529162178545
IDRiD_089,2,1,color_shift,color_shift_level_1,1,False,0.7540641871596006,1,0.7540641871596006,98.0,pass,0,0.045942523029302684
IDRiD_090,0,0,color_shift,color_shift_level_1,1,False,0.32872101081708655,0,0.6712789891829134,95.5,pass,0,0.1277183893227616
IDRiD_091,2,1,color_shift,color_shift_level_1,1,False,0.9361435870112148,1,0.9361435870112148,93.5,pass,0,0.0032777767099675392
IDRiD_092,0,0,color_shift,color_shift_level_1,1,False,0.18130492515420654,0,0.8186950748457935,76.2,review,0,0.05957132285249821
IDRiD_093,0,0,color_shift,color_shift_level_1,1,False,0.8277567725889377,1,0.8277567725889377,81.1,review,0,0.025656810942729313
IDRiD_094,0,0,color_shift,color_shift_level_1,1,False,0.6834862067407025,1,0.6834862067407025,93.5,pass,0,0.07700890796580317
IDRiD_095,0,0,color_shift,color_shift_level_1,1,False,0.5076275760357931,1,0.5076275760357931,96.4,pass,1,0.027871188744425957
IDRiD_096,0,0,color_shift,color_shift_level_1,1,False,0.5354310402113309,1,0.5354310402113309,97.9,pass,0,0.022514480065757514
IDRiD_097,0,0,color_shift,color_shift_level_1,1,False,0.6006728936229438,1,0.6006728936229438,92.5,pass,0,0.055642731415345925
IDRiD_098,0,0,color_shift,color_shift_level_1,1,False,0.1034669566853961,0,0.8965330433146039,69.4,review,0,0.070151265277832
IDRiD_099,0,0,color_shift,color_shift_level_1,1,False,0.5026504992315314,1,0.5026504992315314,97.7,pass,1,0.28449246696394964
IDRiD_100,2,1,color_shift,color_shift_level_1,1,False,0.7875184121927742,1,0.7875184121927742,90.9,pass,0,0.007015177520305005
IDRiD_101,1,0,color_shift,color_shift_level_1,1,False,0.8324398251268079,1,0.8324398251268079,93.0,pass,0,0.03926244225795483
IDRiD_102,2,1,color_shift,color_shift_level_1,1,False,0.9521767554075675,1,0.9521767554075675,87.9,review,0,0.0002638824104890247
IDRiD_103,0,0,color_shift,color_shift_level_1,1,False,0.6905394133677563,1,0.6905394133677563,98.8,pass,0,0.05215312420756768
IDRiD_001,4,1,color_shift,color_shift_level_2,2,False,0.6944177199305219,1,0.6944177199305219,58.8,review,1,0.46508672725226957
IDRiD_002,4,1,color_shift,color_shift_level_2,2,False,0.7687277770749283,1,0.7687277770749283,77.9,review,0,0.10888065612150888
IDRiD_003,4,1,color_shift,color_shift_level_2,2,False,0.775598840412904,1,0.775598840412904,81.1,review,0,0.03788346038540902
IDRiD_004,4,1,color_shift,color_shift_level_2,2,False,0.6407079457902094,1,0.6407079457902094,99.5,pass,0,0.13775164486923286
IDRiD_005,4,1,color_shift,color_shift_level_2,2,False,0.6432818732436733,1,0.6432818732436733,86.2,pass,0,0.0663423455388904
IDRiD_006,3,1,color_shift,color_shift_level_2,2,False,0.7324304799879565,1,0.7324304799879565,95.7,pass,0,0.016278112897452846
IDRiD_007,3,1,color_shift,color_shift_level_2,2,False,0.9324599980991668,1,0.9324599980991668,86.9,review,0,0.03780133081931947
IDRiD_008,2,1,color_shift,color_shift_level_2,2,False,0.9092077079172576,1,0.9092077079172576,92.8,pass,1,0.5083357262430644
IDRiD_009,2,1,color_shift,color_shift_level_2,2,False,0.8594452597672406,1,0.8594452597672406,86.8,review,0,0.0012634589867749346
IDRiD_010,2,1,color_shift,color_shift_level_2,2,False,0.7063561213403334,1,0.7063561213403334,99.3,pass,0,0.08160007766421185
IDRiD_011,2,1,color_shift,color_shift_level_2,2,False,0.5874028386569655,1,0.5874028386569655,88.9,review,0,0.080333175677328
IDRiD_012,2,1,color_shift,color_shift_level_2,2,False,0.8216106801952169,1,0.8216106801952169,93.4,review,1,0.3928094310174206
IDRiD_013,3,1,color_shift,color_shift_level_2,2,False,0.8146018362277638,1,0.8146018362277638,88.7,review,0,0.10195441635253166
IDRiD_014,3,1,color_shift,color_shift_level_2,2,False,0.6391600886478009,1,0.6391600886478009,88.4,review,0,0.32380414079444364
IDRiD_015,2,1,color_shift,color_shift_level_2,2,False,0.957893568658775,1,0.957893568658775,89.2,pass,0,0.005600656264032167
IDRiD_016,3,1,color_shift,color_shift_level_2,2,False,0.9079106659839995,1,0.9079106659839995,89.9,review,0,0.009034454969068406
IDRiD_017,2,1,color_shift,color_shift_level_2,2,False,0.6831535999960596,1,0.6831535999960596,83.8,review,0,0.1778487465990023
IDRiD_018,3,1,color_shift,color_shift_level_2,2,False,0.8635609994397448,1,0.8635609994397448,97.2,pass,0,0.26208582757361787
IDRiD_019,2,1,color_shift,color_shift_level_2,2,False,0.9004656202284906,1,0.9004656202284906,93.8,pass,0,0.17518455523387066
IDRiD_020,2,1,color_shift,color_shift_level_2,2,False,0.7102336199026759,1,0.7102336199026759,95.0,review,1,0.2797584538144532
IDRiD_021,3,1,color_shift,color_shift_level_2,2,False,0.8698050745274296,1,0.8698050745274296,90.5,review,0,0.11731537819912563
IDRiD_022,3,1,color_shift,color_shift_level_2,2,False,0.9641466272784933,1,0.9641466272784933,89.8,review,0,0.01495697735311552
IDRiD_023,2,1,color_shift,color_shift_level_2,2,False,0.6705805801768874,1,0.6705805801768874,94.8,pass,1,0.21577056874479345
IDRiD_024,2,1,color_shift,color_shift_level_2,2,False,0.8855964880943956,1,0.8855964880943956,73.6,review,0,0.016921262738899268
IDRiD_025,3,1,color_shift,color_shift_level_2,2,False,0.8673005225878772,1,0.8673005225878772,91.9,review,0,0.05859193191942291
IDRiD_026,3,1,color_shift,color_shift_level_2,2,False,0.9481621381525255,1,0.9481621381525255,92.3,review,0,0.22425466880826728
IDRiD_027,3,1,color_shift,color_shift_level_2,2,False,0.8784789212103007,1,0.8784789212103007,89.4,review,0,0.022691332745040427
IDRiD_028,2,1,color_shift,color_shift_level_2,2,False,0.8637932022497979,1,0.8637932022497979,96.8,pass,0,0.03693708203663826
IDRiD_029,0,0,color_shift,color_shift_level_2,2,False,0.3516417923047956,0,0.6483582076952044,93.0,pass,0,0.19261919420743237
IDRiD_030,0,0,color_shift,color_shift_level_2,2,False,0.6728015587816085,1,0.6728015587816085,97.6,pass,1,0.45961654025785403
IDRiD_031,3,1,color_shift,color_shift_level_2,2,False,0.9049897688265871,1,0.9049897688265871,93.8,pass,0,0.11125596686102102
IDRiD_032,4,1,color_shift,color_shift_level_2,2,False,0.8933957895020329,1,0.8933957895020329,95.4,pass,0,0.1275816472180794
IDRiD_033,2,1,color_shift,color_shift_level_2,2,False,0.952445246497074,1,0.952445246497074,94.2,pass,0,0.27963452610518436
IDRiD_034,3,1,color_shift,color_shift_level_2,2,False,0.920388220303259,1,0.920388220303259,96.9,pass,0,0.1876180779903176
IDRiD_035,3,1,color_shift,color_shift_level_2,2,False,0.8140890686304827,1,0.8140890686304827,97.4,pass,0,0.18101299121215042
IDRiD_036,3,1,color_shift,color_shift_level_2,2,False,0.8370527002480188,1,0.8370527002480188,91.8,review,0,0.05447371879375096
IDRiD_037,0,0,color_shift,color_shift_level_2,2,False,0.6464595927152439,1,0.6464595927152439,96.2,pass,1,0.1698085925863158
IDRiD_038,0,0,color_shift,color_shift_level_2,2,False,0.7885698795955575,1,0.7885698795955575,88.9,review,0,0.08936478940177617
IDRiD_039,0,0,color_shift,color_shift_level_2,2,False,0.825834955059138,1,0.825834955059138,91.5,review,0,0.00925990696889234
IDRiD_040,4,1,color_shift,color_shift_level_2,2,False,0.8847044873557,1,0.8847044873557,91.5,review,0,0.013479984750430773
IDRiD_041,0,0,color_shift,color_shift_level_2,2,False,0.7086131848433703,1,0.7086131848433703,90.8,review,0,0.016680953469813575
IDRiD_042,3,1,color_shift,color_shift_level_2,2,False,0.9690057527102264,1,0.9690057527102264,88.1,review,0,0.011560426206641772
IDRiD_043,0,0,color_shift,color_shift_level_2,2,False,0.7336555592085814,1,0.7336555592085814,93.5,pass,0,0.150121869862458
IDRiD_044,0,0,color_shift,color_shift_level_2,2,False,0.6023492810601934,1,0.6023492810601934,99.2,pass,1,0.28669807815902587
IDRiD_045,0,0,color_shift,color_shift_level_2,2,False,0.912413571212636,1,0.912413571212636,93.6,pass,0,0.19698130178315187
IDRiD_046,2,1,color_shift,color_shift_level_2,2,False,0.8821326327344116,1,0.8821326327344116,86.6,review,0,0.06538621206129402
IDRiD_047,0,0,color_shift,color_shift_level_2,2,False,0.8171276854910621,1,0.8171276854910621,97.6,pass,0,0.1871832060868357
IDRiD_048,4,1,color_shift,color_shift_level_2,2,False,0.9287179062819846,1,0.9287179062819846,91.0,review,0,0.060393330893829145
IDRiD_049,2,1,color_shift,color_shift_level_2,2,False,0.5560329088314762,1,0.5560329088314762,94.7,pass,0,0.01985780181419461
IDRiD_050,0,0,color_shift,color_shift_level_2,2,False,0.9062651529312848,1,0.9062651529312848,93.4,pass,0,0.22896565507273936
IDRiD_051,2,1,color_shift,color_shift_level_2,2,False,0.6938440736197468,1,0.6938440736197468,81.9,pass,0,0.18330210680975556
IDRiD_052,0,0,color_shift,color_shift_level_2,2,False,0.8944097475984318,1,0.8944097475984318,91.9,review,0,0.02812637023432374
IDRiD_053,4,1,color_shift,color_shift_level_2,2,False,0.9348362328793088,1,0.9348362328793088,95.3,pass,0,0.06877932492628491
IDRiD_054,0,0,color_shift,color_shift_level_2,2,False,0.6491842654448714,1,0.6491842654448714,85.7,review,0,0.20890030141230354
IDRiD_055,0,0,color_shift,color_shift_level_2,2,False,0.760509988488144,1,0.760509988488144,94.4,review,0,0.1612414955805873
IDRiD_056,0,0,color_shift,color_shift_level_2,2,False,0.5811272358845243,1,0.5811272358845243,97.0,pass,0,0.027052124019783852
IDRiD_057,4,1,color_shift,color_shift_level_2,2,False,0.9189214784700331,1,0.9189214784700331,96.1,pass,0,0.034370124067865326
IDRiD_058,0,0,color_shift,color_shift_level_2,2,False,0.765618391798258,1,0.765618391798258,94.0,pass,0,0.10903300317839071
IDRiD_059,2,1,color_shift,color_shift_level_2,2,False,0.9449826820620835,1,0.9449826820620835,90.6,review,0,0.09873727124580522
IDRiD_060,3,1,color_shift,color_shift_level_2,2,False,0.4518156289214845,0,0.5481843710785155,98.6,pass,0,0.30702369837606736
IDRiD_061,4,1,color_shift,color_shift_level_2,2,False,0.9211516133706109,1,0.9211516133706109,89.3,review,0,0.012483485120912019
IDRiD_062,4,1,color_shift,color_shift_level_2,2,False,0.9588568262236029,1,0.9588568262236029,92.5,review,0,0.027421198949979186
IDRiD_063,1,0,color_shift,color_shift_level_2,2,False,0.3911699388091624,0,0.6088300611908376,96.9,pass,1,0.14241518557021715
IDRiD_064,3,1,color_shift,color_shift_level_2,2,False,0.7895333505093104,1,0.7895333505093104,94.7,pass,0,0.09751493290697877
IDRiD_065,2,1,color_shift,color_shift_level_2,2,False,0.8230963594727234,1,0.8230963594727234,93.5,review,0,0.04181010562127607
IDRiD_066,3,1,color_shift,color_shift_level_2,2,False,0.701085962685543,1,0.701085962685543,87.9,pass,0,0.051277678708807506
IDRiD_067,2,1,color_shift,color_shift_level_2,2,False,0.9192332984390166,1,0.9192332984390166,85.7,review,0,0.008652712107186766
IDRiD_068,0,0,color_shift,color_shift_level_2,2,False,0.9231981403854365,1,0.9231981403854365,92.8,review,0,0.06732468621775956
IDRiD_069,0,0,color_shift,color_shift_level_2,2,False,0.6251591829913663,1,0.6251591829913663,85.4,review,0,0.054761480398256346
IDRiD_070,0,0,color_shift,color_shift_level_2,2,False,0.8576554657493485,1,0.8576554657493485,93.8,pass,0,0.1276651590661534
IDRiD_071,0,0,color_shift,color_shift_level_2,2,False,0.3426954537053873,0,0.6573045462946128,85.8,review,0,0.1346787427237915
IDRiD_072,2,1,color_shift,color_shift_level_2,2,False,0.9659677648599662,1,0.9659677648599662,92.1,review,0,0.01211635202405914
IDRiD_073,1,0,color_shift,color_shift_level_2,2,False,0.7942767946126724,1,0.7942767946126724,84.9,review,0,0.0380951836377722
IDRiD_074,1,0,color_shift,color_shift_level_2,2,False,0.6415522667841896,1,0.6415522667841896,94.4,pass,1,0.1899371289568263
IDRiD_075,0,0,color_shift,color_shift_level_2,2,False,0.25688380214307194,0,0.7431161978569281,91.7,review,0,0.10751468611919968
IDRiD_076,2,1,color_shift,color_shift_level_2,2,False,0.5676398387976188,1,0.5676398387976188,93.8,pass,1,0.09381137871468637
IDRiD_077,0,0,color_shift,color_shift_level_2,2,False,0.7790896740882308,1,0.7790896740882308,96.6,pass,0,0.06541754594469595
IDRiD_078,0,0,color_shift,color_shift_level_2,2,False,0.640643190497268,1,0.640643190497268,95.5,pass,1,0.1499106485886137
IDRiD_079,2,1,color_shift,color_shift_level_2,2,False,0.6815884738209217,1,0.6815884738209217,96.7,pass,0,0.1465435563895774
IDRiD_080,0,0,color_shift,color_shift_level_2,2,False,0.4851122942493,0,0.5148877057507,98.3,pass,0,0.1510623359869831
IDRiD_081,2,1,color_shift,color_shift_level_2,2,False,0.6628350482879404,1,0.6628350482879404,86.6,review,0,0.10240120568416655
IDRiD_082,2,1,color_shift,color_shift_level_2,2,False,0.7025641273608029,1,0.7025641273608029,89.4,review,0,0.1223897542627963
IDRiD_083,2,1,color_shift,color_shift_level_2,2,False,0.3199953543021102,0,0.6800046456978899,81.9,review,0,0.05616857495393618
IDRiD_084,2,1,color_shift,color_shift_level_2,2,False,0.3888372368144851,0,0.6111627631855149,98.8,pass,0,0.004365010272463388
IDRiD_085,1,0,color_shift,color_shift_level_2,2,False,0.9173853891868416,1,0.9173853891868416,90.0,review,0,0.02972128374499461
IDRiD_086,2,1,color_shift,color_shift_level_2,2,False,0.7636604515648645,1,0.7636604515648645,96.3,pass,0,0.11597619890910948
IDRiD_087,4,1,color_shift,color_shift_level_2,2,False,0.9311512870977037,1,0.9311512870977037,91.6,review,0,0.016130651744195368
IDRiD_088,2,1,color_shift,color_shift_level_2,2,False,0.8191797399670604,1,0.8191797399670604,96.5,pass,0,0.09549694558566058
IDRiD_089,2,1,color_shift,color_shift_level_2,2,False,0.8402133372534086,1,0.8402133372534086,96.1,pass,0,0.13209167312311076
IDRiD_090,0,0,color_shift,color_shift_level_2,2,False,0.5694039976066666,1,0.5694039976066666,96.6,pass,1,0.3684013761123417
IDRiD_091,2,1,color_shift,color_shift_level_2,2,False,0.9360641803859255,1,0.9360641803859255,90.8,review,0,0.0031983700846782703
IDRiD_092,0,0,color_shift,color_shift_level_2,2,False,0.3050126845273062,0,0.6949873154726938,76.3,review,0,0.18327908222559786
IDRiD_093,0,0,color_shift,color_shift_level_2,2,False,0.811616122525767,1,0.811616122525767,78.7,review,0,0.009516160879558644
IDRiD_094,0,0,color_shift,color_shift_level_2,2,False,0.8464792830063266,1,0.8464792830063266,91.1,pass,0,0.08598416829982092
IDRiD_095,0,0,color_shift,color_shift_level_2,2,False,0.5123579758070026,1,0.5123579758070026,95.2,pass,1,0.03260158851563544
IDRiD_096,0,0,color_shift,color_shift_level_2,2,False,0.7067939181842248,1,0.7067939181842248,96.0,pass,0,0.19387735803865136
IDRiD_097,0,0,color_shift,color_shift_level_2,2,False,0.6504665846237073,1,0.6504665846237073,91.4,pass,0,0.1054364224161094
IDRiD_098,0,0,color_shift,color_shift_level_2,2,False,0.2929048693404283,0,0.7070951306595716,69.8,review,0,0.2595891779328642
IDRiD_099,0,0,color_shift,color_shift_level_2,2,False,0.7627737299967471,1,0.7627737299967471,96.2,pass,1,0.5446156977291654
IDRiD_100,2,1,color_shift,color_shift_level_2,2,False,0.7897720209702952,1,0.7897720209702952,88.5,review,0,0.009268786297826015
IDRiD_101,1,0,color_shift,color_shift_level_2,2,False,0.8073682319016159,1,0.8073682319016159,90.7,review,0,0.014190849032762798
IDRiD_102,2,1,color_shift,color_shift_level_2,2,False,0.8987834013810438,1,0.8987834013810438,87.0,review,0,0.0536572364370127
IDRiD_103,0,0,color_shift,color_shift_level_2,2,False,0.7459014309503449,1,0.7459014309503449,96.7,pass,0,0.10751514179015631
IDRiD_001,4,1,color_shift,color_shift_level_3,3,False,0.8745980102636646,1,0.8745980102636646,57.2,review,1,0.6452670175854123
IDRiD_002,4,1,color_shift,color_shift_level_3,3,False,0.8555794013920408,1,0.8555794013920408,74.8,review,0,0.19573228043862134
IDRiD_003,4,1,color_shift,color_shift_level_3,3,False,0.8393343791457779,1,0.8393343791457779,77.1,review,0,0.025852078347464946
IDRiD_004,4,1,color_shift,color_shift_level_3,3,False,0.6903016531317583,1,0.6903016531317583,97.7,pass,0,0.18734535221078175
IDRiD_005,4,1,color_shift,color_shift_level_3,3,False,0.6860057884574904,1,0.6860057884574904,83.6,pass,0,0.10906626075270753
IDRiD_006,3,1,color_shift,color_shift_level_3,3,False,0.8443235787222925,1,0.8443235787222925,90.6,pass,0,0.1281712116317888
IDRiD_007,3,1,color_shift,color_shift_level_3,3,False,0.902550017706408,1,0.902550017706408,81.1,review,0,0.00789135042656064
IDRiD_008,2,1,color_shift,color_shift_level_3,3,False,0.8806057266366796,1,0.8806057266366796,85.8,review,1,0.47973374496248644
IDRiD_009,2,1,color_shift,color_shift_level_3,3,False,0.8583589479223915,1,0.8583589479223915,82.8,review,0,0.0023497708316240207
IDRiD_010,2,1,color_shift,color_shift_level_3,3,False,0.8210238449876875,1,0.8210238449876875,94.8,pass,0,0.19626780131156596
IDRiD_011,2,1,color_shift,color_shift_level_3,3,False,0.6090954564176216,1,0.6090954564176216,85.2,review,0,0.05864055791667189
IDRiD_012,2,1,color_shift,color_shift_level_3,3,False,0.6259178538449983,1,0.6259178538449983,88.6,review,1,0.19711660466720204
IDRiD_013,3,1,color_shift,color_shift_level_3,3,False,0.6919095263216508,1,0.6919095263216508,85.5,review,0,0.22464672625864468
IDRiD_014,3,1,color_shift,color_shift_level_3,3,False,0.5755329649242078,1,0.5755329649242078,86.6,review,0,0.3874312645180368
IDRiD_015,2,1,color_shift,color_shift_level_3,3,False,0.9454031855099811,1,0.9454031855099811,83.9,review,0,0.006889726884761638
IDRiD_016,3,1,color_shift,color_shift_level_3,3,False,0.869805627297664,1,0.869805627297664,84.7,review,0,0.029070583717267118
IDRiD_017,2,1,color_shift,color_shift_level_3,3,False,0.6714928892096361,1,0.6714928892096361,82.2,review,0,0.1661880358125788
IDRiD_018,3,1,color_shift,color_shift_level_3,3,False,0.8157108371149612,1,0.8157108371149612,94.8,review,0,0.2142356652488342
IDRiD_019,2,1,color_shift,color_shift_level_3,3,False,0.7113468201900615,1,0.7113468201900615,90.8,review,0,0.013934244804558515
IDRiD_020,2,1,color_shift,color_shift_level_3,3,False,0.7344435151059402,1,0.7344435151059402,91.6,review,1,0.3039683490177175
IDRiD_021,3,1,color_shift,color_shift_level_3,3,False,0.6561162799889677,1,0.6561162799889677,88.6,review,0,0.33100417273758753
IDRiD_022,3,1,color_shift,color_shift_level_3,3,False,0.7093388655519896,1,0.7093388655519896,87.3,review,0,0.2697647390796193
IDRiD_023,2,1,color_shift,color_shift_level_3,3,False,0.880750672901879,1,0.880750672901879,92.3,pass,1,0.4259406614697851
IDRiD_024,2,1,color_shift,color_shift_level_3,3,False,0.9189243310231824,1,0.9189243310231824,71.6,review,0,0.050249105667686034
IDRiD_025,3,1,color_shift,color_shift_level_3,3,False,0.8620217979902595,1,0.8620217979902595,89.4,review,0,0.05331320732180522
IDRiD_026,3,1,color_shift,color_shift_level_3,3,False,0.7116898969480985,1,0.7116898969480985,89.5,review,0,0.012217572396159726
IDRiD_027,3,1,color_shift,color_shift_level_3,3,False,0.5906224100407473,1,0.5906224100407473,88.1,review,0,0.2651651784245129
IDRiD_028,2,1,color_shift,color_shift_level_3,3,False,0.8697525890577721,1,0.8697525890577721,93.0,review,0,0.030977695228664115
IDRiD_029,0,0,color_shift,color_shift_level_3,3,False,0.29637432272203795,0,0.7036256772779621,89.5,review,0,0.13735172462467474
IDRiD_030,0,0,color_shift,color_shift_level_3,3,False,0.8316282986228621,1,0.8316282986228621,92.4,review,1,0.6184432800991077
IDRiD_031,3,1,color_shift,color_shift_level_3,3,False,0.9338438661228545,1,0.9338438661228545,87.9,review,0,0.14011006415728844
IDRiD_032,4,1,color_shift,color_shift_level_3,3,False,0.8685973712661011,1,0.8685973712661011,90.5,review,0,0.10278322898214765
IDRiD_033,2,1,color_shift,color_shift_level_3,3,False,0.9588049011484137,1,0.9588049011484137,90.0,review,0,0.28599418075652405
IDRiD_034,3,1,color_shift,color_shift_level_3,3,False,0.9330248352362446,1,0.9330248352362446,91.7,review,0,0.20025469292330322
IDRiD_035,3,1,color_shift,color_shift_level_3,3,False,0.837323087536646,1,0.837323087536646,93.8,review,0,0.2042470101183137
IDRiD_036,3,1,color_shift,color_shift_level_3,3,False,0.7881525586560862,1,0.7881525586560862,88.7,review,0,0.0055735772018183916
IDRiD_037,0,0,color_shift,color_shift_level_3,3,False,0.5857587733155951,1,0.5857587733155951,92.2,review,1,0.10910777318666703
IDRiD_038,0,0,color_shift,color_shift_level_3,3,False,0.8359774212562623,1,0.8359774212562623,84.3,review,0,0.136772331062481
IDRiD_039,0,0,color_shift,color_shift_level_3,3,False,0.7934245136340254,1,0.7934245136340254,86.7,review,0,0.023150534456220173
IDRiD_040,4,1,color_shift,color_shift_level_3,3,False,0.8238431984589824,1,0.8238431984589824,86.8,review,0,0.07434127364714838
IDRiD_041,0,0,color_shift,color_shift_level_3,3,False,0.4317441592613117,0,0.5682558407386883,88.5,review,1,0.2935499790518722
IDRiD_042,3,1,color_shift,color_shift_level_3,3,False,0.8758537613418879,1,0.8758537613418879,85.0,review,0,0.08159156516169674
IDRiD_043,0,0,color_shift,color_shift_level_3,3,False,0.70771625383554,1,0.70771625383554,91.3,review,0,0.12418256448941667
IDRiD_044,0,0,color_shift,color_shift_level_3,3,False,0.5647873792320092,1,0.5647873792320092,96.5,pass,1,0.24913617633084167
IDRiD_045,0,0,color_shift,color_shift_level_3,3,False,0.8684659002983002,1,0.8684659002983002,89.6,review,0,0.15303363086881605
IDRiD_046,2,1,color_shift,color_shift_level_3,3,False,0.36921865418156363,0,0.6307813458184364,85.4,review,1,0.4475277664915539
IDRiD_047,0,0,color_shift,color_shift_level_3,3,False,0.8933603838584692,1,0.8933603838584692,93.4,review,0,0.2634159044542428
IDRiD_048,4,1,color_shift,color_shift_level_3,3,False,0.6121432935443899,1,0.6121432935443899,88.4,review,0,0.25618128184376554
IDRiD_049,2,1,color_shift,color_shift_level_3,3,False,0.6128294344839049,1,0.6128294344839049,90.8,pass,0,0.07665432746662337
IDRiD_050,0,0,color_shift,color_shift_level_3,3,False,0.6790609750174311,1,0.6790609750174311,89.2,review,0,0.0017614771588856382
IDRiD_051,2,1,color_shift,color_shift_level_3,3,False,0.7475176004403459,1,0.7475176004403459,76.5,review,0,0.23697563363035468
IDRiD_052,0,0,color_shift,color_shift_level_3,3,False,0.6391967307388999,1,0.6391967307388999,88.2,review,0,0.22708664662520817
IDRiD_053,4,1,color_shift,color_shift_level_3,3,False,0.9268242918909347,1,0.9268242918909347,89.7,review,0,0.06076738393791081
IDRiD_054,0,0,color_shift,color_shift_level_3,3,False,0.32187410003625355,0,0.6781258999637465,85.7,review,1,0.5362104668209213
IDRiD_055,0,0,color_shift,color_shift_level_3,3,False,0.6647007642737319,1,0.6647007642737319,89.5,review,0,0.06543227136617524
IDRiD_056,0,0,color_shift,color_shift_level_3,3,False,0.7180505983330756,1,0.7180505983330756,93.9,review,0,0.16397548646833515
IDRiD_057,4,1,color_shift,color_shift_level_3,3,False,0.9375915981365119,1,0.9375915981365119,91.2,review,0,0.05304024373434413
IDRiD_058,0,0,color_shift,color_shift_level_3,3,False,0.7495840701034961,1,0.7495840701034961,88.8,review,0,0.09299868148362889
IDRiD_059,2,1,color_shift,color_shift_level_3,3,False,0.9468851854126182,1,0.9468851854126182,85.0,review,0,0.10063977459633999
IDRiD_060,3,1,color_shift,color_shift_level_3,3,False,0.4834224994570012,0,0.5165775005429988,94.7,review,0,0.33863056891158405
IDRiD_061,4,1,color_shift,color_shift_level_3,3,False,0.7484087529824923,1,0.7484087529824923,85.1,review,0,0.1852263455090306
IDRiD_062,4,1,color_shift,color_shift_level_3,3,False,0.6373598627904408,1,0.6373598627904408,88.9,review,0,0.29407576448318296
IDRiD_063,1,0,color_shift,color_shift_level_3,3,False,0.41497554085080823,0,0.5850244591491918,95.6,pass,1,0.11860958352857132
IDRiD_064,3,1,color_shift,color_shift_level_3,3,False,0.8180778960682822,1,0.8180778960682822,89.7,review,0,0.12605947846595056
IDRiD_065,2,1,color_shift,color_shift_level_3,3,False,0.579446598400591,1,0.579446598400591,90.4,review,0,0.2854598666934085
IDRiD_066,3,1,color_shift,color_shift_level_3,3,False,0.7465414240933497,1,0.7465414240933497,82.3,review,0,0.005822217301000854
IDRiD_067,2,1,color_shift,color_shift_level_3,3,False,0.8531738651519776,1,0.8531738651519776,80.4,review,0,0.07471214539422577
IDRiD_068,0,0,color_shift,color_shift_level_3,3,False,0.7827188429724627,1,0.7827188429724627,89.7,review,0,0.07315461119521416
IDRiD_069,0,0,color_shift,color_shift_level_3,3,False,0.7112507311255365,1,0.7112507311255365,81.3,review,0,0.14085302853242654
IDRiD_070,0,0,color_shift,color_shift_level_3,3,False,0.845785187204525,1,0.845785187204525,90.7,review,0,0.11579488052132991
IDRiD_071,0,0,color_shift,color_shift_level_3,3,False,0.5816754987408892,1,0.5816754987408892,81.1,review,1,0.3736587877592934
IDRiD_072,2,1,color_shift,color_shift_level_3,3,False,0.9419656245089001,1,0.9419656245089001,87.7,review,0,0.03611849237512521
IDRiD_073,1,0,color_shift,color_shift_level_3,3,False,0.8681595860475506,1,0.8681595860475506,80.6,review,0,0.1119779750726504
IDRiD_074,1,0,color_shift,color_shift_level_3,3,False,0.7263627978456458,1,0.7263627978456458,89.6,review,1,0.2747476600182825
IDRiD_075,0,0,color_shift,color_shift_level_3,3,False,0.16095849549293992,0,0.83904150450706,90.3,review,0,0.2034399927693317
IDRiD_076,2,1,color_shift,color_shift_level_3,3,False,0.5216214536219669,1,0.5216214536219669,88.8,pass,1,0.047792993539034434
IDRiD_077,0,0,color_shift,color_shift_level_3,3,False,0.7513379406501659,1,0.7513379406501659,92.9,pass,0,0.037665812506631036
IDRiD_078,0,0,color_shift,color_shift_level_3,3,False,0.7194315017477002,1,0.7194315017477002,91.2,review,1,0.22869895983904587
IDRiD_079,2,1,color_shift,color_shift_level_3,3,False,0.7413792621689597,1,0.7413792621689597,92.3,review,0,0.20633434473761536
IDRiD_080,0,0,color_shift,color_shift_level_3,3,False,0.42068586481087467,0,0.5793141351891253,96.1,pass,0,0.08663590654855774
IDRiD_081,2,1,color_shift,color_shift_level_3,3,False,0.2681435346864677,0,0.7318564653135323,82.7,review,1,0.49709271928563925
IDRiD_082,2,1,color_shift,color_shift_level_3,3,False,0.7308726824469528,1,0.7308726824469528,84.9,review,0,0.15069830934894624
IDRiD_083,2,1,color_shift,color_shift_level_3,3,False,0.2210122485997419,0,0.7789877514002581,79.2,review,0,0.15515168065630447
IDRiD_084,2,1,color_shift,color_shift_level_3,3,False,0.4770106479412995,0,0.5229893520587006,95.7,pass,0,0.09253842139927776
IDRiD_085,1,0,color_shift,color_shift_level_3,3,False,0.7443922263774121,1,0.7443922263774121,86.5,review,0,0.14327187906443495
IDRiD_086,2,1,color_shift,color_shift_level_3,3,False,0.8320345554008828,1,0.8320345554008828,91.7,review,0,0.18435030274512776
IDRiD_087,4,1,color_shift,color_shift_level_3,3,False,0.8902561228382619,1,0.8902561228382619,86.9,review,0,0.0570258160036371
IDRiD_088,2,1,color_shift,color_shift_level_3,3,False,0.812846147641282,1,0.812846147641282,92.9,review,0,0.08916335325988223
IDRiD_089,2,1,color_shift,color_shift_level_3,3,False,0.873027597679986,1,0.873027597679986,92.2,review,0,0.16490593354968808
IDRiD_090,0,0,color_shift,color_shift_level_3,3,False,0.5989464795855062,1,0.5989464795855062,93.2,pass,1,0.39794385809118127
IDRiD_091,2,1,color_shift,color_shift_level_3,3,False,0.9142611895421652,1,0.9142611895421652,86.4,review,0,0.01860462075908209
IDRiD_092,0,0,color_shift,color_shift_level_3,3,False,0.5768587092179167,1,0.5768587092179167,72.8,review,1,0.4551251069162084
IDRiD_093,0,0,color_shift,color_shift_level_3,3,False,0.8833435340495429,1,0.8833435340495429,74.7,review,0,0.08124357240333457
IDRiD_094,0,0,color_shift,color_shift_level_3,3,False,0.7700121326303419,1,0.7700121326303419,86.3,review,0,0.00951701792383619
IDRiD_095,0,0,color_shift,color_shift_level_3,3,False,0.4106334140025204,0,0.5893665859974796,91.2,pass,0,0.06912297328884676
IDRiD_096,0,0,color_shift,color_shift_level_3,3,False,0.8339531987708362,1,0.8339531987708362,90.8,review,0,0.32103663862526277
IDRiD_097,0,0,color_shift,color_shift_level_3,3,False,0.7140009720872886,1,0.7140009720872886,86.8,review,0,0.1689708098796907
IDRiD_098,0,0,color_shift,color_shift_level_3,3,False,0.7015163743671332,1,0.7015163743671332,67.3,review,1,0.6682006829595691
IDRiD_099,0,0,color_shift,color_shift_level_3,3,False,0.8305289511968796,1,0.8305289511968796,91.2,review,1,0.6123709189292978
IDRiD_100,2,1,color_shift,color_shift_level_3,3,False,0.8902110853364977,1,0.8902110853364977,83.2,review,0,0.10970785066402855
IDRiD_101,1,0,color_shift,color_shift_level_3,3,False,0.7642720867771495,1,0.7642720867771495,86.4,review,0,0.02890529609170356
IDRiD_102,2,1,color_shift,color_shift_level_3,3,False,0.5635530449424092,1,0.5635530449424092,86.4,review,0,0.38888759287564734
IDRiD_103,0,0,color_shift,color_shift_level_3,3,False,0.7372806751960963,1,0.7372806751960963,92.7,review,0,0.09889438603590772
IDRiD_001,4,1,blur,blur_level_1,1,False,0.21465154135299125,0,0.7853484586470088,60.5,review,0,0.014679451325261106
IDRiD_002,4,1,blur,blur_level_1,1,False,0.6116046007548539,1,0.6116046007548539,79.8,review,0,0.048242520198565564
IDRiD_003,4,1,blur,blur_level_1,1,False,0.7709600980880651,1,0.7709600980880651,83.7,review,0,0.04252220271024787
IDRiD_004,4,1,blur,blur_level_1,1,False,0.5157807222912744,1,0.5157807222912744,97.2,pass,0,0.012824421370297823
IDRiD_005,4,1,blur,blur_level_1,1,False,0.5139700973163722,1,0.5139700973163722,84.8,review,0,0.06296943038841063
IDRiD_006,3,1,blur,blur_level_1,1,False,0.7428343880341997,1,0.7428343880341997,97.1,pass,0,0.026682020943695983
IDRiD_007,3,1,blur,blur_level_1,1,False,0.8823328948484022,1,0.8823328948484022,91.1,pass,0,0.01232577243144517
IDRiD_008,2,1,blur,blur_level_1,1,False,0.4879613132036133,0,0.5120386867963866,95.9,pass,0,0.08708933152942017
IDRiD_009,2,1,blur,blur_level_1,1,False,0.8521044700688295,1,0.8521044700688295,89.1,review,0,0.008604248685186056
IDRiD_010,2,1,blur,blur_level_1,1,False,0.6325884414340193,1,0.6325884414340193,96.6,pass,0,0.00783239775789768
IDRiD_011,2,1,blur,blur_level_1,1,False,0.6114279666346781,1,0.6114279666346781,88.0,pass,0,0.05630804769961539
IDRiD_012,2,1,blur,blur_level_1,1,False,0.5911792393413865,1,0.5911792393413865,97.5,pass,1,0.16237799016359022
IDRiD_013,3,1,blur,blur_level_1,1,False,0.9100470636537571,1,0.9100470636537571,92.8,pass,0,0.006509188926538401
IDRiD_014,3,1,blur,blur_level_1,1,False,0.9504039627275063,1,0.9504039627275063,90.8,review,0,0.01256026671473831
IDRiD_015,2,1,blur,blur_level_1,1,False,0.9318795890125555,1,0.9318795890125555,92.3,pass,0,0.020413323382187265
IDRiD_016,3,1,blur,blur_level_1,1,False,0.8874027218418913,1,0.8874027218418913,93.2,pass,0,0.011473489173039808
IDRiD_017,2,1,blur,blur_level_1,1,False,0.472309955513537,0,0.527690044486463,82.3,review,1,0.032994897883520335
IDRiD_018,3,1,blur,blur_level_1,1,False,0.630917935415267,1,0.630917935415267,96.1,pass,0,0.029442763549139994
IDRiD_019,2,1,blur,blur_level_1,1,False,0.7462354053379374,1,0.7462354053379374,95.9,pass,0,0.020954340343317446
IDRiD_020,2,1,blur,blur_level_1,1,False,0.5000350162898435,1,0.5000350162898435,97.3,pass,1,0.06955985020162081
IDRiD_021,3,1,blur,blur_level_1,1,False,0.9856295460814499,1,0.9856295460814499,93.6,pass,0,0.0014909066451053166
IDRiD_022,3,1,blur,blur_level_1,1,False,0.9793754815032507,1,0.9793754815032507,92.2,pass,0,0.000271876871641874
IDRiD_023,2,1,blur,blur_level_1,1,False,0.5133577569978593,1,0.5133577569978593,90.7,review,1,0.05854774556576542
IDRiD_024,2,1,blur,blur_level_1,1,False,0.8252810640943163,1,0.8252810640943163,75.1,review,0,0.04339416126118001
IDRiD_025,3,1,blur,blur_level_1,1,False,0.7795169584719733,1,0.7795169584719733,94.1,pass,0,0.02919163219648091
IDRiD_026,3,1,blur,blur_level_1,1,False,0.7247207639353075,1,0.7247207639353075,95.5,pass,0,0.000813294591049285
IDRiD_027,3,1,blur,blur_level_1,1,False,0.8447351487391991,1,0.8447351487391991,90.9,review,0,0.01105243972606118
IDRiD_028,2,1,blur,blur_level_1,1,False,0.8775986822846944,1,0.8775986822846944,98.0,pass,0,0.023131602001741802
IDRiD_029,0,0,blur,blur_level_1,1,False,0.16813538494152463,0,0.8318646150584754,90.2,pass,0,0.009112786844161419
IDRiD_030,0,0,blur,blur_level_1,1,False,0.2629739554026462,0,0.7370260445973538,97.1,pass,0,0.04978893687889169
IDRiD_031,3,1,blur,blur_level_1,1,False,0.8461261738109283,1,0.8461261738109283,96.2,pass,0,0.05239237184536216
IDRiD_032,4,1,blur,blur_level_1,1,False,0.7499743551423633,1,0.7499743551423633,96.7,pass,0,0.015839787141590178
IDRiD_033,2,1,blur,blur_level_1,1,False,0.6450745290212383,1,0.6450745290212383,95.1,pass,0,0.02773619137065131
IDRiD_034,3,1,blur,blur_level_1,1,False,0.8197102856791038,1,0.8197102856791038,99.3,pass,0,0.0869401433661624
IDRiD_035,3,1,blur,blur_level_1,1,False,0.6835915412309447,1,0.6835915412309447,99.7,pass,0,0.050515463812612404
IDRiD_036,3,1,blur,blur_level_1,1,False,0.7774692823992113,1,0.7774692823992113,93.6,pass,0,0.005109699055056538
IDRiD_037,0,0,blur,blur_level_1,1,False,0.5435549894939367,1,0.5435549894939367,97.9,pass,1,0.06690398936500858
IDRiD_038,0,0,blur,blur_level_1,1,False,0.7019792881705123,1,0.7019792881705123,91.9,pass,0,0.002774197976730952
IDRiD_039,0,0,blur,blur_level_1,1,False,0.8207192291521199,1,0.8207192291521199,93.9,pass,0,0.004144181061874308
IDRiD_040,4,1,blur,blur_level_1,1,False,0.8790107240736725,1,0.8790107240736725,94.6,pass,0,0.019173748032458193
IDRiD_041,0,0,blur,blur_level_1,1,False,0.7916286001159871,1,0.7916286001159871,89.2,review,0,0.06633446180280322
IDRiD_042,3,1,blur,blur_level_1,1,False,0.956619481577483,1,0.956619481577483,90.7,review,0,0.0008258449261016043
IDRiD_043,0,0,blur,blur_level_1,1,False,0.5776078252307381,1,0.5776078252307381,93.1,pass,0,0.005925864115385315
IDRiD_044,0,0,blur,blur_level_1,1,False,0.38942056220978405,0,0.610579437790216,98.0,pass,0,0.07376935930861656
IDRiD_045,0,0,blur,blur_level_1,1,False,0.7366239452507799,1,0.7366239452507799,94.4,pass,0,0.021191675821295775
IDRiD_046,2,1,blur,blur_level_1,1,False,0.8277190082224454,1,0.8277190082224454,87.5,review,0,0.010972587549327839
IDRiD_047,0,0,blur,blur_level_1,1,False,0.6718789743063409,1,0.6718789743063409,97.8,pass,0,0.04193449490211454
IDRiD_048,4,1,blur,blur_level_1,1,False,0.8495403748711847,1,0.8495403748711847,87.7,review,0,0.018784200516970717
IDRiD_049,2,1,blur,blur_level_1,1,False,0.38529553761027524,0,0.6147044623897248,92.6,pass,1,0.1508795694070063
IDRiD_050,0,0,blur,blur_level_1,1,False,0.6977789463575172,1,0.6977789463575172,94.3,review,0,0.020479448498971764
IDRiD_051,2,1,blur,blur_level_1,1,False,0.49313838499113843,0,0.5068616150088616,82.7,pass,1,0.017403581818852765
IDRiD_052,0,0,blur,blur_level_1,1,False,0.8815175638811368,1,0.8815175638811368,93.6,pass,0,0.01523418651702868
IDRiD_053,4,1,blur,blur_level_1,1,False,0.8809340238047264,1,0.8809340238047264,97.9,pass,0,0.014877115851702483
IDRiD_054,0,0,blur,blur_level_1,1,False,0.8083758123067186,1,0.8083758123067186,86.0,review,0,0.04970875455045631
IDRiD_055,0,0,blur,blur_level_1,1,False,0.6470497073407685,1,0.6470497073407685,97.2,pass,0,0.047781214433211816
IDRiD_056,0,0,blur,blur_level_1,1,False,0.5280475727186811,1,0.5280475727186811,96.3,pass,0,0.026027539146059375
IDRiD_057,4,1,blur,blur_level_1,1,False,0.891538589168066,1,0.891538589168066,98.6,pass,0,0.0069872347658982426
IDRiD_058,0,0,blur,blur_level_1,1,False,0.7190587884054308,1,0.7190587884054308,96.2,pass,0,0.062473399785563544
IDRiD_059,2,1,blur,blur_level_1,1,False,0.883910244338205,1,0.883910244338205,93.7,pass,0,0.03766483352192673
IDRiD_060,3,1,blur,blur_level_1,1,False,0.20398646864842168,0,0.7960135313515784,98.2,pass,0,0.05919453810300454
IDRiD_061,4,1,blur,blur_level_1,1,False,0.9296746842276482,1,0.9296746842276482,91.9,pass,0,0.003960414263874723
IDRiD_062,4,1,blur,blur_level_1,1,False,0.9217538646896244,1,0.9217538646896244,94.9,pass,0,0.009681762583999332
IDRiD_063,1,0,blur,blur_level_1,1,False,0.5612671587793419,1,0.5612671587793419,93.3,pass,0,0.027682034399962308
IDRiD_064,3,1,blur,blur_level_1,1,False,0.7046031991773114,1,0.7046031991773114,97.0,pass,0,0.012584781574979775
IDRiD_065,2,1,blur,blur_level_1,1,False,0.8719846031733255,1,0.8719846031733255,95.2,pass,0,0.007078138079326002
IDRiD_066,3,1,blur,blur_level_1,1,False,0.8079174805108268,1,0.8079174805108268,89.9,pass,0,0.05555383911647627
IDRiD_067,2,1,blur,blur_level_1,1,False,0.8999285137763586,1,0.8999285137763586,89.7,review,0,0.027957496769844714
IDRiD_068,0,0,blur,blur_level_1,1,False,0.8370931955468401,1,0.8370931955468401,94.8,pass,0,0.018780258620836765
IDRiD_069,0,0,blur,blur_level_1,1,False,0.6189440334466187,1,0.6189440334466187,87.8,pass,0,0.04854633085350879
IDRiD_070,0,0,blur,blur_level_1,1,False,0.763581165091022,1,0.763581165091022,90.7,pass,0,0.03359085840782694
IDRiD_071,0,0,blur,blur_level_1,1,False,0.19513698726665374,0,0.8048630127333463,85.7,review,0,0.01287972371494206
IDRiD_072,2,1,blur,blur_level_1,1,False,0.9766584229317866,1,0.9766584229317866,94.0,pass,0,0.0014256939522386824
IDRiD_073,1,0,blur,blur_level_1,1,False,0.7908489462395485,1,0.7908489462395485,87.2,pass,0,0.03466733526464827
IDRiD_074,1,0,blur,blur_level_1,1,False,0.6104740014463853,1,0.6104740014463853,96.9,pass,1,0.15885886361902196
IDRiD_075,0,0,blur,blur_level_1,1,False,0.3873941316157482,0,0.6126058683842518,93.1,review,0,0.02299564335347659
IDRiD_076,2,1,blur,blur_level_1,1,False,0.5397238676845448,1,0.5397238676845448,94.3,pass,1,0.06589540760161239
IDRiD_077,0,0,blur,blur_level_1,1,False,0.662288654903841,1,0.662288654903841,96.4,pass,0,0.05138347323969383
IDRiD_078,0,0,blur,blur_level_1,1,False,0.466773094556297,0,0.533226905443703,97.9,pass,0,0.023959447352357333
IDRiD_079,2,1,blur,blur_level_1,1,False,0.5539275474351844,1,0.5539275474351844,99.1,pass,0,0.01888263000384005
IDRiD_080,0,0,blur,blur_level_1,1,False,0.4231817951576938,0,0.5768182048423063,96.2,pass,0,0.08913183689537685
IDRiD_081,2,1,blur,blur_level_1,1,False,0.7693974911298385,1,0.7693974911298385,88.7,review,0,0.004161237157731534
IDRiD_082,2,1,blur,blur_level_1,1,False,0.6724444683619885,1,0.6724444683619885,91.7,pass,0,0.09227009526398189
IDRiD_083,2,1,blur,blur_level_1,1,False,0.40585306372341,0,0.59414693627659,83.8,review,0,0.029689134467363654
IDRiD_084,2,1,blur,blur_level_1,1,False,0.5270891694103901,1,0.5270891694103901,97.1,pass,1,0.14261694286836835
IDRiD_085,1,0,blur,blur_level_1,1,False,0.8856262914597643,1,0.8856262914597643,91.5,review,0,0.0020378139820826924
IDRiD_086,2,1,blur,blur_level_1,1,False,0.6891068642501945,1,0.6891068642501945,98.5,pass,0,0.041422611594439496
IDRiD_087,4,1,blur,blur_level_1,1,False,0.9383164897455185,1,0.9383164897455185,93.2,pass,0,0.008965449096380529
IDRiD_088,2,1,blur,blur_level_1,1,False,0.785104779233362,1,0.785104779233362,99.0,pass,0,0.06142198485196215
IDRiD_089,2,1,blur,blur_level_1,1,False,0.7724335183989349,1,0.7724335183989349,98.5,pass,0,0.06431185426863706
IDRiD_090,0,0,blur,blur_level_1,1,False,0.23953133614477987,0,0.7604686638552202,94.4,pass,0,0.03852871465045493
IDRiD_091,2,1,blur,blur_level_1,1,False,0.9222920264817613,1,0.9222920264817613,94.3,pass,0,0.010573783819485927
IDRiD_092,0,0,blur,blur_level_1,1,False,0.10654641725009659,0,0.8934535827499034,74.2,review,0,0.015187185051611748
IDRiD_093,0,0,blur,blur_level_1,1,False,0.8182906478964689,1,0.8182906478964689,81.8,review,0,0.016190686250260544
IDRiD_094,0,0,blur,blur_level_1,1,False,0.7065417107988444,1,0.7065417107988444,92.6,pass,0,0.053953403907661235
IDRiD_095,0,0,blur,blur_level_1,1,False,0.4871192848810685,0,0.5128807151189315,94.5,pass,0,0.007362897589701323
IDRiD_096,0,0,blur,blur_level_1,1,False,0.560006105151807,1,0.560006105151807,98.6,pass,0,0.047089545006233635
IDRiD_097,0,0,blur,blur_level_1,1,False,0.5229390783232938,1,0.5229390783232938,91.3,pass,0,0.02209108388430414
IDRiD_098,0,0,blur,blur_level_1,1,False,0.03012186684420769,0,0.9698781331557923,68.2,review,0,0.0031938245633564184
IDRiD_099,0,0,blur,blur_level_1,1,False,0.28187895342654345,0,0.7181210465734565,97.0,pass,0,0.06372092115896172
IDRiD_100,2,1,blur,blur_level_1,1,False,0.8095821400224509,1,0.8095821400224509,91.2,pass,0,0.0290789053499817
IDRiD_101,1,0,blur,blur_level_1,1,False,0.8048181239285344,1,0.8048181239285344,92.9,pass,0,0.01164074105968127
IDRiD_102,2,1,blur,blur_level_1,1,False,0.961074180448963,1,0.961074180448963,87.6,review,0,0.008633542630906432
IDRiD_103,0,0,blur,blur_level_1,1,False,0.7067943047831884,1,0.7067943047831884,98.2,pass,0,0.06840801562299981
IDRiD_001,4,1,blur,blur_level_2,2,False,0.15234403079159423,0,0.8476559692084058,58.4,fail,0,0.07698696188665813
IDRiD_002,4,1,blur,blur_level_2,2,False,0.390742114070383,0,0.6092578859296169,75.8,review,1,0.26910500688303646
IDRiD_003,4,1,blur,blur_level_2,2,False,0.6065630662154374,1,0.6065630662154374,80.7,review,0,0.20691923458287553
IDRiD_004,4,1,blur,blur_level_2,2,False,0.4078720441510245,0,0.5921279558489755,93.2,pass,1,0.09508425676995202
IDRiD_005,4,1,blur,blur_level_2,2,False,0.323084509556669,0,0.676915490443331,81.9,review,1,0.25385501814811384
IDRiD_006,3,1,blur,blur_level_2,2,False,0.6593333004167063,1,0.6593333004167063,91.7,pass,0,0.056819066673797325
IDRiD_007,3,1,blur,blur_level_2,2,False,0.7937000149468458,1,0.7937000149468458,87.3,review,0,0.1009586523330015
IDRiD_008,2,1,blur,blur_level_2,2,False,0.48594059848447024,0,0.5140594015155298,92.1,pass,0,0.08506861681027711
IDRiD_009,2,1,blur,blur_level_2,2,False,0.7901051859750764,1,0.7901051859750764,83.5,review,0,0.07060353277893916
IDRiD_010,2,1,blur,blur_level_2,2,False,0.5647263863618882,1,0.5647263863618882,92.1,pass,0,0.060029657314233376
IDRiD_011,2,1,blur,blur_level_2,2,False,0.4607102827489499,0,0.5392897172510501,84.1,review,1,0.20702573158534365
IDRiD_012,2,1,blur,blur_level_2,2,False,0.7357631265465112,1,0.7357631265465112,94.3,pass,1,0.30696187736871494
IDRiD_013,3,1,blur,blur_level_2,2,False,0.9052466399641018,1,0.9052466399641018,89.6,pass,0,0.011309612616193676
IDRiD_014,3,1,blur,blur_level_2,2,False,0.9375736264903521,1,0.9375736264903521,88.3,review,0,0.025390602951892438
IDRiD_015,2,1,blur,blur_level_2,2,False,0.8521253734803371,1,0.8521253734803371,89.1,review,0,0.10016753891440566
IDRiD_016,3,1,blur,blur_level_2,2,False,0.8251959132722687,1,0.8251959132722687,89.0,review,0,0.07368029774266238
IDRiD_017,2,1,blur,blur_level_2,2,False,0.2723758055728061,0,0.727624194427194,79.3,review,1,0.23292904782425122
IDRiD_018,3,1,blur,blur_level_2,2,False,0.7044488614502845,1,0.7044488614502845,95.4,pass,0,0.10297368958415754
IDRiD_019,2,1,blur,blur_level_2,2,False,0.7351135899692052,1,0.7351135899692052,92.8,pass,0,0.0098325249745852
IDRiD_020,2,1,blur,blur_level_2,2,False,0.6289449815014413,1,0.6289449815014413,92.9,pass,1,0.19846981541321862
IDRiD_021,3,1,blur,blur_level_2,2,False,0.9750994065088369,1,0.9750994065088369,91.1,pass,0,0.012021046217718379
IDRiD_022,3,1,blur,blur_level_2,2,False,0.9684156338638659,1,0.9684156338638659,88.9,pass,0,0.010687970767742971
IDRiD_023,2,1,blur,blur_level_2,2,False,0.4118722882573663,0,0.5881277117426337,87.0,review,0,0.042937723174727604
IDRiD_024,2,1,blur,blur_level_2,2,False,0.6939496725759726,1,0.6939496725759726,72.3,review,0,0.17472555277952373
IDRiD_025,3,1,blur,blur_level_2,2,False,0.7599023251162376,1,0.7599023251162376,90.6,pass,0,0.04880626555221668
IDRiD_026,3,1,blur,blur_level_2,2,False,0.6946828703936766,1,0.6946828703936766,93.2,pass,0,0.029224598950581604
IDRiD_027,3,1,blur,blur_level_2,2,False,0.8213131190302458,1,0.8213131190302458,88.4,pass,0,0.03447446943501442
IDRiD_028,2,1,blur,blur_level_2,2,False,0.8250514420163375,1,0.8250514420163375,94.6,pass,0,0.07567884227009869
IDRiD_029,0,0,blur,blur_level_2,2,False,0.2088192728748702,0,0.7911807271251298,86.5,pass,0,0.04979667477750699
IDRiD_030,0,0,blur,blur_level_2,2,False,0.2892504446179224,0,0.7107495553820776,92.2,pass,0,0.07606542609416789
IDRiD_031,3,1,blur,blur_level_2,2,False,0.729012893474388,1,0.729012893474388,91.0,review,0,0.06472090849117806
IDRiD_032,4,1,blur,blur_level_2,2,False,0.6806674763433012,1,0.6806674763433012,91.9,review,0,0.08514666594065234
IDRiD_033,2,1,blur,blur_level_2,2,False,0.6310472914936375,1,0.6310472914936375,92.4,pass,0,0.04176342889825213
IDRiD_034,3,1,blur,blur_level_2,2,False,0.7592603747178466,1,0.7592603747178466,94.1,pass,0,0.026490232404905223
IDRiD_035,3,1,blur,blur_level_2,2,False,0.6976457050237734,1,0.6976457050237734,95.3,pass,0,0.06456962760544116
IDRiD_036,3,1,blur,blur_level_2,2,False,0.734295173761383,1,0.734295173761383,89.7,pass,0,0.04828380769288487
IDRiD_037,0,0,blur,blur_level_2,2,False,0.6549155714891561,1,0.6549155714891561,92.9,pass,1,0.17826457136022805
IDRiD_038,0,0,blur,blur_level_2,2,False,0.668417006243714,1,0.668417006243714,86.5,review,0,0.03078808395006727
IDRiD_039,0,0,blur,blur_level_2,2,False,0.7575377063773377,1,0.7575377063773377,88.3,review,0,0.059037341712907865
IDRiD_040,4,1,blur,blur_level_2,2,False,0.8501916241871703,1,0.8501916241871703,90.3,pass,0,0.04799284791896041
IDRiD_041,0,0,blur,blur_level_2,2,False,0.854423131623156,1,0.854423131623156,86.3,review,0,0.12912899330997207
IDRiD_042,3,1,blur,blur_level_2,2,False,0.933503607983406,1,0.933503607983406,87.8,pass,0,0.023941718520178568
IDRiD_043,0,0,blur,blur_level_2,2,False,0.6389447516800473,1,0.6389447516800473,89.1,pass,0,0.0554110623339239
IDRiD_044,0,0,blur,blur_level_2,2,False,0.5288637328581813,1,0.5288637328581813,94.3,pass,1,0.21321252995701384
IDRiD_045,0,0,blur,blur_level_2,2,False,0.6887818873065158,1,0.6887818873065158,90.5,pass,0,0.02665038212296833
IDRiD_046,2,1,blur,blur_level_2,2,False,0.8714435952510154,1,0.8714435952510154,83.8,review,0,0.05469717457789791
IDRiD_047,0,0,blur,blur_level_2,2,False,0.6906221960445749,1,0.6906221960445749,93.0,pass,0,0.06067771664034849
IDRiD_048,4,1,blur,blur_level_2,2,False,0.8402074596863158,1,0.8402074596863158,84.7,review,0,0.028117115701839612
IDRiD_049,2,1,blur,blur_level_2,2,False,0.29766413672886954,0,0.7023358632711305,87.1,review,1,0.238510970288412
IDRiD_050,0,0,blur,blur_level_2,2,False,0.732936014119874,1,0.732936014119874,90.6,pass,0,0.055636516261328484
IDRiD_051,2,1,blur,blur_level_2,2,False,0.3265379985742144,0,0.6734620014257856,78.9,review,1,0.1840039682357768
IDRiD_052,0,0,blur,blur_level_2,2,False,0.8417144338672105,1,0.8417144338672105,89.5,pass,0,0.024568943496897644
IDRiD_053,4,1,blur,blur_level_2,2,False,0.8232836160096166,1,0.8232836160096166,93.4,pass,0,0.04277329194340729
IDRiD_054,0,0,blur,blur_level_2,2,False,0.8270165767746105,1,0.8270165767746105,83.3,review,0,0.031067990082564445
IDRiD_055,0,0,blur,blur_level_2,2,False,0.6909047530860544,1,0.6909047530860544,91.5,pass,0,0.09163626017849769
IDRiD_056,0,0,blur,blur_level_2,2,False,0.5961677725954482,1,0.5961677725954482,91.7,pass,0,0.04209266073070772
IDRiD_057,4,1,blur,blur_level_2,2,False,0.7965211165421332,1,0.7965211165421332,94.2,pass,0,0.08803023786003461
IDRiD_058,0,0,blur,blur_level_2,2,False,0.6419983022025489,1,0.6419983022025489,90.4,review,0,0.014587086417318318
IDRiD_059,2,1,blur,blur_level_2,2,False,0.8339419855091315,1,0.8339419855091315,88.4,review,0,0.012303425307146787
IDRiD_060,3,1,blur,blur_level_2,2,False,0.27429142922638244,0,0.7257085707736175,93.4,pass,0,0.1294994986809653
IDRiD_061,4,1,blur,blur_level_2,2,False,0.8646209579339048,1,0.8646209579339048,89.0,review,0,0.06901414055761812
IDRiD_062,4,1,blur,blur_level_2,2,False,0.8567703396942242,1,0.8567703396942242,91.2,pass,0,0.0746652875793995
IDRiD_063,1,0,blur,blur_level_2,2,False,0.7182014358999161,1,0.7182014358999161,89.9,pass,0,0.1846163115205366
IDRiD_064,3,1,blur,blur_level_2,2,False,0.6824551769564977,1,0.6824551769564977,91.9,pass,0,0.009563240645833915
IDRiD_065,2,1,blur,blur_level_2,2,False,0.8596032963106905,1,0.8596032963106905,92.1,pass,0,0.0053031687833089425
IDRiD_066,3,1,blur,blur_level_2,2,False,0.702443964009175,1,0.702443964009175,84.5,review,0,0.049919677385175554
IDRiD_067,2,1,blur,blur_level_2,2,False,0.8460186444410761,1,0.8460186444410761,87.1,review,0,0.08186736610512724
IDRiD_068,0,0,blur,blur_level_2,2,False,0.8579359120767605,1,0.8579359120767605,90.8,pass,0,0.002062457909083548
IDRiD_069,0,0,blur,blur_level_2,2,False,0.6159263227043675,1,0.6159263227043675,82.3,review,0,0.04552862011125758
IDRiD_070,0,0,blur,blur_level_2,2,False,0.7363091988671743,1,0.7363091988671743,87.4,pass,0,0.006318892183979186
IDRiD_071,0,0,blur,blur_level_2,2,False,0.1864022387842323,0,0.8135977612157677,79.9,review,0,0.02161447219736351
IDRiD_072,2,1,blur,blur_level_2,2,False,0.9626449352104267,1,0.9626449352104267,90.3,pass,0,0.01543918167359859
IDRiD_073,1,0,blur,blur_level_2,2,False,0.7298895369798233,1,0.7298895369798233,82.0,review,0,0.026292073995076937
IDRiD_074,1,0,blur,blur_level_2,2,False,0.527694493269096,1,0.527694493269096,90.6,review,1,0.07607935544173267
IDRiD_075,0,0,blur,blur_level_2,2,False,0.566330028147655,1,0.566330028147655,91.6,pass,1,0.20193153988538337
IDRiD_076,2,1,blur,blur_level_2,2,False,0.5213292165165149,1,0.5213292165165149,88.9,pass,1,0.047500756433582425
IDRiD_077,0,0,blur,blur_level_2,2,False,0.6146129907847637,1,0.6146129907847637,91.3,pass,0,0.09905913735877114
IDRiD_078,0,0,blur,blur_level_2,2,False,0.6228461125399892,1,0.6228461125399892,92.6,pass,1,0.1321135706313349
IDRiD_079,2,1,blur,blur_level_2,2,False,0.6501085296623067,1,0.6501085296623067,93.7,pass,0,0.1150636122309624
IDRiD_080,0,0,blur,blur_level_2,2,False,0.5356274237197346,1,0.5356274237197346,93.6,pass,1,0.20157746545741767
IDRiD_081,2,1,blur,blur_level_2,2,False,0.8495232330394469,1,0.8495232330394469,85.3,review,0,0.08428697906733995
IDRiD_082,2,1,blur,blur_level_2,2,False,0.6419081180631048,1,0.6419081180631048,85.4,review,0,0.0617337449650982
IDRiD_083,2,1,blur,blur_level_2,2,False,0.4334332834528215,0,0.5665667165471785,80.9,review,0,0.057269354196775146
IDRiD_084,2,1,blur,blur_level_2,2,False,0.5141309433999016,1,0.5141309433999016,91.1,pass,1,0.12965871685787989
IDRiD_085,1,0,blur,blur_level_2,2,False,0.8651837492485586,1,0.8651837492485586,87.9,review,0,0.022480356193288475
IDRiD_086,2,1,blur,blur_level_2,2,False,0.7918036515601868,1,0.7918036515601868,93.2,pass,0,0.14411939890443182
IDRiD_087,4,1,blur,blur_level_2,2,False,0.893352653105363,1,0.893352653105363,88.6,review,0,0.05392928573653599
IDRiD_088,2,1,blur,blur_level_2,2,False,0.79850090849632,1,0.79850090849632,98.8,pass,0,0.07481811411492023
IDRiD_089,2,1,blur,blur_level_2,2,False,0.7019626526268932,1,0.7019626526268932,97.7,pass,0,0.006159011503404699
IDRiD_090,0,0,blur,blur_level_2,2,False,0.20195122198694188,0,0.7980487780130581,95.0,pass,0,0.0009486004926169411
IDRiD_091,2,1,blur,blur_level_2,2,False,0.8591384115476348,1,0.8591384115476348,89.9,pass,0,0.07372739875361245
IDRiD_092,0,0,blur,blur_level_2,2,False,0.09782462089936636,0,0.9021753791006336,70.0,review,0,0.023908981402341975
IDRiD_093,0,0,blur,blur_level_2,2,False,0.6457754352160755,1,0.6457754352160755,79.8,review,0,0.15632452643013284
IDRiD_094,0,0,blur,blur_level_2,2,False,0.5237861595632596,1,0.5237861595632596,90.9,review,0,0.23670895514324608
IDRiD_095,0,0,blur,blur_level_2,2,False,0.5302255147024625,1,0.5302255147024625,90.0,review,1,0.05046912741109533
IDRiD_096,0,0,blur,blur_level_2,2,False,0.6739959743473444,1,0.6739959743473444,93.5,pass,0,0.16107941420177097
IDRiD_097,0,0,blur,blur_level_2,2,False,0.47468315034834596,0,0.525316849651654,88.6,review,1,0.07034701185925196
IDRiD_098,0,0,blur,blur_level_2,2,False,0.023047549417423468,0,0.9769524505825765,66.8,fail,0,0.010268141990140641
IDRiD_099,0,0,blur,blur_level_2,2,False,0.31302747467066006,0,0.68697252532934,92.0,pass,0,0.09486944240307832
IDRiD_100,2,1,blur,blur_level_2,2,False,0.7717526153490175,1,0.7717526153490175,86.2,review,0,0.00875061932345167
IDRiD_101,1,0,blur,blur_level_2,2,False,0.7547762565014542,1,0.7547762565014542,87.7,review,0,0.0384011263673989
IDRiD_102,2,1,blur,blur_level_2,2,False,0.9545287043264062,1,0.9545287043264062,87.6,review,0,0.002088066508349695
IDRiD_103,0,0,blur,blur_level_2,2,False,0.7462190783224356,1,0.7462190783224356,92.7,pass,0,0.10783278916224703
IDRiD_001,4,1,blur,blur_level_3,3,False,0.0437785068029908,0,0.9562214931970092,57.1,fail,0,0.18555248587526155
IDRiD_002,4,1,blur,blur_level_3,3,False,0.13110451083155003,0,0.8688954891684499,73.4,fail,1,0.5287426101218694
IDRiD_003,4,1,blur,blur_level_3,3,False,0.33933028899676987,0,0.6606697110032301,79.0,review,1,0.4741520118015431
IDRiD_004,4,1,blur,blur_level_3,3,False,0.2594199050728095,0,0.7405800949271906,87.7,review,1,0.24353639584816705
IDRiD_005,4,1,blur,blur_level_3,3,False,0.15144355116995578,0,0.8485564488300442,78.8,review,1,0.42549597653482707
IDRiD_006,3,1,blur,blur_level_3,3,False,0.37617241608869323,0,0.6238275839113068,86.7,review,1,0.33997995100181044
IDRiD_007,3,1,blur,blur_level_3,3,False,0.504976703625537,1,0.504976703625537,84.9,review,0,0.3896819636543103
IDRiD_008,2,1,blur,blur_level_3,3,False,0.3772957687958277,0,0.6227042312041723,88.5,review,0,0.02357621287836542
IDRiD_009,2,1,blur,blur_level_3,3,False,0.4898743176070667,0,0.5101256823929333,80.0,review,1,0.3708344011469489
IDRiD_010,2,1,blur,blur_level_3,3,False,0.3952902108156169,0,0.6047097891843831,87.2,review,1,0.2294658328605047
IDRiD_011,2,1,blur,blur_level_3,3,False,0.195596931228805,0,0.8044030687711949,81.5,review,1,0.4721390831054885
IDRiD_012,2,1,blur,blur_level_3,3,False,0.634704486608974,1,0.634704486608974,89.3,review,1,0.20590323743117778
IDRiD_013,3,1,blur,blur_level_3,3,False,0.7761876665547072,1,0.7761876665547072,85.3,review,0,0.14036858602558833
IDRiD_014,3,1,blur,blur_level_3,3,False,0.8214667570132853,1,0.8214667570132853,83.9,review,0,0.14149747242895927
IDRiD_015,2,1,blur,blur_level_3,3,False,0.5691113443909411,1,0.5691113443909411,86.4,review,0,0.38318156800380165
IDRiD_016,3,1,blur,blur_level_3,3,False,0.5643024624346662,1,0.5643024624346662,85.1,review,0,0.3345737485802649
IDRiD_017,2,1,blur,blur_level_3,3,False,0.09106918756378303,0,0.908930812436217,77.4,review,1,0.4142356658332743
IDRiD_018,3,1,blur,blur_level_3,3,False,0.5825893061303874,1,0.5825893061303874,90.0,pass,0,0.018885865735739582
IDRiD_019,2,1,blur,blur_level_3,3,False,0.5695317155945825,1,0.5695317155945825,89.2,review,0,0.15574934940003748
IDRiD_020,2,1,blur,blur_level_3,3,False,0.4551607516283088,0,0.5448392483716912,88.0,review,0,0.024685585540086152
IDRiD_021,3,1,blur,blur_level_3,3,False,0.8646203900774019,1,0.8646203900774019,86.6,review,0,0.12250006264915336
IDRiD_022,3,1,blur,blur_level_3,3,False,0.8580993013853891,1,0.8580993013853891,85.2,review,0,0.12100430324621969
IDRiD_023,2,1,blur,blur_level_3,3,False,0.2637090235565278,0,0.7362909764434722,83.5,review,0,0.19110098787556612
IDRiD_024,2,1,blur,blur_level_3,3,False,0.34931627405639426,0,0.6506837259436058,71.2,review,1,0.5193589512991021
IDRiD_025,3,1,blur,blur_level_3,3,False,0.6086325732945352,1,0.6086325732945352,86.7,review,0,0.200076017373919
IDRiD_026,3,1,blur,blur_level_3,3,False,0.5213558567957918,1,0.5213558567957918,88.9,review,0,0.20255161254846643
IDRiD_027,3,1,blur,blur_level_3,3,False,0.5863051170287603,1,0.5863051170287603,84.4,review,0,0.26948247143649995
IDRiD_028,2,1,blur,blur_level_3,3,False,0.6141267400701729,1,0.6141267400701729,89.7,review,0,0.28660354421626333
IDRiD_029,0,0,blur,blur_level_3,3,False,0.18532142125711148,0,0.8146785787428885,82.5,review,0,0.02629882315974827
IDRiD_030,0,0,blur,blur_level_3,3,False,0.1920858047614183,0,0.8079141952385818,87.8,review,0,0.0210992137623362
IDRiD_031,3,1,blur,blur_level_3,3,False,0.5319186251276917,1,0.5319186251276917,87.3,review,0,0.26181517683787436
IDRiD_032,4,1,blur,blur_level_3,3,False,0.4478534991326869,0,0.5521465008673131,88.0,review,1,0.3179606431512666
IDRiD_033,2,1,blur,blur_level_3,3,False,0.44397907474458875,0,0.5560209252554112,88.1,review,1,0.22883164564730085
IDRiD_034,3,1,blur,blur_level_3,3,False,0.6038854395951392,1,0.6038854395951392,89.1,review,0,0.12888470271780217
IDRiD_035,3,1,blur,blur_level_3,3,False,0.4899353207624008,0,0.5100646792375991,89.6,review,1,0.14314075665593146
IDRiD_036,3,1,blur,blur_level_3,3,False,0.4546248246455056,0,0.5453751753544944,85.9,review,1,0.3279541568087623
IDRiD_037,0,0,blur,blur_level_3,3,False,0.44449214842936247,0,0.5555078515706375,88.0,review,0,0.032158851699565616
IDRiD_038,0,0,blur,blur_level_3,3,False,0.4605934960677217,0,0.5394065039322783,83.2,review,1,0.2386115941260596
IDRiD_039,0,0,blur,blur_level_3,3,False,0.4333990435726934,0,0.5666009564273067,84.3,review,1,0.38317600451755224
IDRiD_040,4,1,blur,blur_level_3,3,False,0.6138793748529794,1,0.6138793748529794,86.9,review,0,0.28430509725315134
IDRiD_041,0,0,blur,blur_level_3,3,False,0.6564504796794136,1,0.6564504796794136,83.4,review,0,0.06884365863377029
IDRiD_042,3,1,blur,blur_level_3,3,False,0.8100452789882302,1,0.8100452789882302,84.6,review,0,0.1474000475153544
IDRiD_043,0,0,blur,blur_level_3,3,False,0.47007753933712915,0,0.5299224606628709,85.4,review,1,0.11345615000899423
IDRiD_044,0,0,blur,blur_level_3,3,False,0.47857235996715186,0,0.5214276400328481,88.2,review,0,0.16292115706598437
IDRiD_045,0,0,blur,blur_level_3,3,False,0.3647615471422788,0,0.6352384528577212,87.8,review,1,0.3506707222872053
IDRiD_046,2,1,blur,blur_level_3,3,False,0.7428180536904986,1,0.7428180536904986,81.0,review,0,0.07392836698261895
IDRiD_047,0,0,blur,blur_level_3,3,False,0.49179028632747557,0,0.5082097136725244,88.5,review,1,0.1381541930767508
IDRiD_048,4,1,blur,blur_level_3,3,False,0.6640485639466683,1,0.6640485639466683,81.5,review,0,0.2042760114414871
IDRiD_049,2,1,blur,blur_level_3,3,False,0.17482591197486977,0,0.8251740880251303,82.7,review,1,0.3613491950424118
IDRiD_050,0,0,blur,blur_level_3,3,False,0.4800149066264344,0,0.5199850933735656,87.6,review,1,0.19728459123211106
IDRiD_051,2,1,blur,blur_level_3,3,False,0.1370073692584387,0,0.8629926307415613,76.0,review,1,0.3735345975515525
IDRiD_052,0,0,blur,blur_level_3,3,False,0.6024537368526318,1,0.6024537368526318,86.7,review,0,0.2638296405114763
IDRiD_053,4,1,blur,blur_level_3,3,False,0.617731363459567,1,0.617731363459567,88.9,review,0,0.2483255444934569
IDRiD_054,0,0,blur,blur_level_3,3,False,0.6432192217197045,1,0.6432192217197045,80.8,review,0,0.21486534513747046
IDRiD_055,0,0,blur,blur_level_3,3,False,0.4764736710701475,0,0.5235263289298525,86.8,review,1,0.1227948218374092
IDRiD_056,0,0,blur,blur_level_3,3,False,0.36250319048675994,0,0.6374968095132401,87.2,review,1,0.19157192137798051
IDRiD_057,4,1,blur,blur_level_3,3,False,0.5900673834800065,1,0.5900673834800065,89.3,review,0,0.2944839709221613
IDRiD_058,0,0,blur,blur_level_3,3,False,0.42344406132520973,0,0.5765559386747903,86.4,review,1,0.23314132729465753
IDRiD_059,2,1,blur,blur_level_3,3,False,0.6370466367337098,1,0.6370466367337098,85.2,review,0,0.20919877408256848
IDRiD_060,3,1,blur,blur_level_3,3,False,0.2432890142456745,0,0.7567109857543255,88.1,review,0,0.09849708370025737
IDRiD_061,4,1,blur,blur_level_3,3,False,0.5907343363829918,1,0.5907343363829918,86.7,review,0,0.34290076210853115
IDRiD_062,4,1,blur,blur_level_3,3,False,0.6606892057732028,1,0.6606892057732028,88.1,review,0,0.27074642150042094
IDRiD_063,1,0,blur,blur_level_3,3,False,0.4613490573105027,0,0.5386509426894973,84.7,review,1,0.07223606706887686
IDRiD_064,3,1,blur,blur_level_3,3,False,0.48681118495472864,0,0.5131888150452714,87.5,review,1,0.205207232647603
IDRiD_065,2,1,blur,blur_level_3,3,False,0.6300312191310691,1,0.6300312191310691,87.8,review,0,0.2348752459629304
IDRiD_066,3,1,blur,blur_level_3,3,False,0.4560096636718973,0,0.5439903363281027,81.4,review,1,0.2963539777224532
IDRiD_067,2,1,blur,blur_level_3,3,False,0.6083129501990786,1,0.6083129501990786,84.9,review,0,0.31957306034712474
IDRiD_068,0,0,blur,blur_level_3,3,False,0.6082686646006781,1,0.6082686646006781,86.9,review,0,0.24760478956699883
IDRiD_069,0,0,blur,blur_level_3,3,False,0.38943498002267835,0,0.6105650199773216,79.2,review,1,0.1809627225704316
IDRiD_070,0,0,blur,blur_level_3,3,False,0.5391542219280859,1,0.5391542219280859,83.9,review,0,0.19083608475510916
IDRiD_071,0,0,blur,blur_level_3,3,False,0.12015361923699037,0,0.8798463807630096,76.2,review,0,0.08786309174460542
IDRiD_072,2,1,blur,blur_level_3,3,False,0.8464257945300073,1,0.8464257945300073,86.3,review,0,0.13165832235401798
IDRiD_073,1,0,blur,blur_level_3,3,False,0.48746868275818367,0,0.5125313172418163,79.1,review,1,0.26871292821671655
IDRiD_074,1,0,blur,blur_level_3,3,False,0.32726783406898574,0,0.6727321659310143,86.0,review,0,0.1243473037583776
IDRiD_075,0,0,blur,blur_level_3,3,False,0.36835803793702826,0,0.6316419620629717,85.4,review,0,0.003959549674756646
IDRiD_076,2,1,blur,blur_level_3,3,False,0.3104252631134288,0,0.6895747368865712,84.2,review,0,0.16340319696950367
IDRiD_077,0,0,blur,blur_level_3,3,False,0.40555297485829395,0,0.594447025141706,87.0,review,1,0.3081191532852409
IDRiD_078,0,0,blur,blur_level_3,3,False,0.4739599942379312,0,0.5260400057620688,87.3,review,0,0.016772547670723115
IDRiD_079,2,1,blur,blur_level_3,3,False,0.46338890423552587,0,0.5366110957644741,87.9,review,1,0.07165601319581844
IDRiD_080,0,0,blur,blur_level_3,3,False,0.39709462909432786,0,0.6029053709056722,87.8,review,0,0.06304467083201093
IDRiD_081,2,1,blur,blur_level_3,3,False,0.7411709947413107,1,0.7411709947413107,83.4,review,0,0.024065259230796276
IDRiD_082,2,1,blur,blur_level_3,3,False,0.41948767352064564,0,0.5805123264793544,81.7,review,1,0.16068669957736093
IDRiD_083,2,1,blur,blur_level_3,3,False,0.41836350286525753,0,0.5816364971347425,79.2,review,0,0.04219957360921117
IDRiD_084,2,1,blur,blur_level_3,3,False,0.3746269560056312,0,0.6253730439943688,84.8,review,0,0.00984527053639056
IDRiD_085,1,0,blur,blur_level_3,3,False,0.6714839412125876,1,0.6714839412125876,85.5,review,0,0.21618016422925945
IDRiD_086,2,1,blur,blur_level_3,3,False,0.6059591705201172,1,0.6059591705201172,88.1,review,0,0.04172508213563786
IDRiD_087,4,1,blur,blur_level_3,3,False,0.680126745301201,1,0.680126745301201,84.9,review,0,0.26715519354069805
IDRiD_088,2,1,blur,blur_level_3,3,False,0.6135216410672584,1,0.6135216410672584,93.1,pass,0,0.11016115331414145
IDRiD_089,2,1,blur,blur_level_3,3,False,0.39779753857232314,0,0.6022024614276769,92.2,pass,1,0.31032412555797473
IDRiD_090,0,0,blur,blur_level_3,3,False,0.11140657143432176,0,0.8885934285656782,91.4,pass,0,0.08959605006000318
IDRiD_091,2,1,blur,blur_level_3,3,False,0.6530128627985123,1,0.6530128627985123,85.2,review,0,0.27985294750273493
IDRiD_092,0,0,blur,blur_level_3,3,False,0.03835160700554528,0,0.9616483929944547,67.4,fail,0,0.08338199529616305
IDRiD_093,0,0,blur,blur_level_3,3,False,0.38690693823097144,0,0.6130930617690286,79.0,review,1,0.4151930234152369
IDRiD_094,0,0,blur,blur_level_3,3,False,0.29327512665710137,0,0.7067248733428986,88.4,review,1,0.4672199880494043
IDRiD_095,0,0,blur,blur_level_3,3,False,0.29962924594223095,0,0.700370754057769,86.3,review,0,0.1801271413491362
IDRiD_096,0,0,blur,blur_level_3,3,False,0.5316285565812429,1,0.5316285565812429,88.6,review,0,0.018711996435669453
IDRiD_097,0,0,blur,blur_level_3,3,False,0.27195646119039124,0,0.7280435388096087,86.2,review,1,0.2730737010172067
IDRiD_098,0,0,blur,blur_level_3,3,False,0.01061105208963216,0,0.9893889479103678,65.6,fail,0,0.02270463931793195
IDRiD_099,0,0,blur,blur_level_3,3,False,0.250011924239517,0,0.749988075760483,87.8,review,0,0.03185389197193528
IDRiD_100,2,1,blur,blur_level_3,3,False,0.5397074507909053,1,0.5397074507909053,82.9,review,0,0.24079578388156386
IDRiD_101,1,0,blur,blur_level_3,3,False,0.5421204146173927,1,0.5421204146173927,83.9,review,0,0.2510569682514604
IDRiD_102,2,1,blur,blur_level_3,3,False,0.8406400002080181,1,0.8406400002080181,84.2,review,0,0.11180063761003844
IDRiD_103,0,0,blur,blur_level_3,3,False,0.5194354793795918,1,0.5194354793795918,88.0,review,0,0.1189508097805968
IDRiD_001,4,1,jpeg,jpeg_level_1,1,False,0.19483731999855974,0,0.8051626800014402,61.6,review,0,0.03449367267969261
IDRiD_002,4,1,jpeg,jpeg_level_1,1,False,0.6610908925649615,1,0.6610908925649615,81.9,pass,0,0.0012437716115419883
IDRiD_003,4,1,jpeg,jpeg_level_1,1,False,0.8042175655180019,1,0.8042175655180019,85.3,pass,0,0.00926473528031102
IDRiD_004,4,1,jpeg,jpeg_level_1,1,False,0.6103131711913035,1,0.6103131711913035,97.2,pass,0,0.10735687027032692
IDRiD_005,4,1,jpeg,jpeg_level_1,1,False,0.5217227894258093,1,0.5217227894258093,85.6,review,0,0.055216738278973554
IDRiD_006,3,1,jpeg,jpeg_level_1,1,False,0.6997810721410309,1,0.6997810721410309,97.9,pass,0,0.01637129494947276
IDRiD_007,3,1,jpeg,jpeg_level_1,1,False,0.8927873299341023,1,0.8927873299341023,92.7,pass,0,0.0018713373457450722
IDRiD_008,2,1,jpeg,jpeg_level_1,1,False,0.47662296625852996,0,0.52337703374147,97.6,pass,0,0.07575098458433682
IDRiD_009,2,1,jpeg,jpeg_level_1,1,False,0.8734754015189713,1,0.8734754015189713,90.8,review,0,0.012766682764955739
IDRiD_010,2,1,jpeg,jpeg_level_1,1,False,0.623381535017647,1,0.623381535017647,97.0,pass,0,0.0013745086584745492
IDRiD_011,2,1,jpeg,jpeg_level_1,1,False,0.6746120958902319,1,0.6746120958902319,89.0,pass,0,0.006876081555938329
IDRiD_012,2,1,jpeg,jpeg_level_1,1,False,0.5551108563813658,1,0.5551108563813658,98.7,pass,1,0.12630960720356954
IDRiD_013,3,1,jpeg,jpeg_level_1,1,False,0.9111547378000407,1,0.9111547378000407,92.6,pass,0,0.005401514780254746
IDRiD_014,3,1,jpeg,jpeg_level_1,1,False,0.9685179390283091,1,0.9685179390283091,90.6,review,0,0.0055537095860644925
IDRiD_015,2,1,jpeg,jpeg_level_1,1,False,0.9352035427127842,1,0.9352035427127842,93.9,pass,0,0.01708936968195862
IDRiD_016,3,1,jpeg,jpeg_level_1,1,False,0.910910647176971,1,0.910910647176971,94.1,pass,0,0.012034436162039919
IDRiD_017,2,1,jpeg,jpeg_level_1,1,False,0.37709729322899804,0,0.622902706771002,85.1,review,1,0.1282075601680593
IDRiD_018,3,1,jpeg,jpeg_level_1,1,False,0.6712557924412134,1,0.6712557924412134,95.8,pass,0,0.06978062057508638
IDRiD_019,2,1,jpeg,jpeg_level_1,1,False,0.7347590241040554,1,0.7347590241040554,95.9,pass,0,0.009477959109435385
IDRiD_020,2,1,jpeg,jpeg_level_1,1,False,0.5438441624495021,1,0.5438441624495021,96.9,pass,1,0.1133689963612794
IDRiD_021,3,1,jpeg,jpeg_level_1,1,False,0.9878376956834607,1,0.9878376956834607,93.2,pass,0,0.0007172429569054506
IDRiD_022,3,1,jpeg,jpeg_level_1,1,False,0.9795682519364668,1,0.9795682519364668,92.1,review,0,0.0004646473048579569
IDRiD_023,2,1,jpeg,jpeg_level_1,1,False,0.44041557692773237,0,0.5595844230722676,92.7,review,0,0.014394434504361564
IDRiD_024,2,1,jpeg,jpeg_level_1,1,False,0.8339678691616275,1,0.8339678691616275,76.2,review,0,0.03470735619386889
IDRiD_025,3,1,jpeg,jpeg_level_1,1,False,0.8595478773884698,1,0.8595478773884698,93.9,pass,0,0.050839286720015586
IDRiD_026,3,1,jpeg,jpeg_level_1,1,False,0.7126349360437786,1,0.7126349360437786,95.2,pass,0,0.011272533300479615
IDRiD_027,3,1,jpeg,jpeg_level_1,1,False,0.8447897728376944,1,0.8447897728376944,90.1,review,0,0.010997815627565855
IDRiD_028,2,1,jpeg,jpeg_level_1,1,False,0.8913431359126387,1,0.8913431359126387,97.6,pass,0,0.009387148373797505
IDRiD_029,0,0,jpeg,jpeg_level_1,1,False,0.22333018958100861,0,0.7766698104189914,89.8,pass,0,0.0643075914836454
IDRiD_030,0,0,jpeg,jpeg_level_1,1,False,0.2806869582191647,0,0.7193130417808353,97.1,pass,0,0.06750193969541018
IDRiD_031,3,1,jpeg,jpeg_level_1,1,False,0.779227662341232,1,0.779227662341232,97.8,pass,0,0.014506139624334113
IDRiD_032,4,1,jpeg,jpeg_level_1,1,False,0.7770492324880559,1,0.7770492324880559,97.8,pass,0,0.011235090204102405
IDRiD_033,2,1,jpeg,jpeg_level_1,1,False,0.8988074966963229,1,0.8988074966963229,93.4,pass,0,0.22599677630443327
IDRiD_034,3,1,jpeg,jpeg_level_1,1,False,0.7333640307943436,1,0.7333640307943436,99.4,pass,0,0.0005938884814022938
IDRiD_035,3,1,jpeg,jpeg_level_1,1,False,0.7195594595707184,1,0.7195594595707184,99.3,pass,0,0.08648338215238616
IDRiD_036,3,1,jpeg,jpeg_level_1,1,False,0.798377728233471,1,0.798377728233471,93.6,pass,0,0.01579874677920312
IDRiD_037,0,0,jpeg,jpeg_level_1,1,False,0.6355166758336346,1,0.6355166758336346,97.6,pass,1,0.1588656757047065
IDRiD_038,0,0,jpeg,jpeg_level_1,1,False,0.6812153824703568,1,0.6812153824703568,94.3,pass,0,0.017989707723424453
IDRiD_039,0,0,jpeg,jpeg_level_1,1,False,0.853551266268811,1,0.853551266268811,95.5,pass,0,0.036976218178565334
IDRiD_040,4,1,jpeg,jpeg_level_1,1,False,0.897027032699006,1,0.897027032699006,95.6,pass,0,0.0011574394071247607
IDRiD_041,0,0,jpeg,jpeg_level_1,1,False,0.8137734169140736,1,0.8137734169140736,89.0,review,0,0.08847927860088967
IDRiD_042,3,1,jpeg,jpeg_level_1,1,False,0.9500253608257812,1,0.9500253608257812,91.2,review,0,0.007419965677803453
IDRiD_043,0,0,jpeg,jpeg_level_1,1,False,0.5327121308737067,1,0.5327121308737067,93.3,pass,0,0.05082155847241665
IDRiD_044,0,0,jpeg,jpeg_level_1,1,False,0.31155057564955513,0,0.6884494243504449,97.7,pass,0,0.004100627251612365
IDRiD_045,0,0,jpeg,jpeg_level_1,1,False,0.7597243319567097,1,0.7597243319567097,95.1,pass,0,0.04429206252722562
IDRiD_046,2,1,jpeg,jpeg_level_1,1,False,0.8013872281699059,1,0.8013872281699059,87.8,review,0,0.015359192503211605
IDRiD_047,0,0,jpeg,jpeg_level_1,1,False,0.6718737623048104,1,0.6718737623048104,98.0,pass,0,0.041929282900584064
IDRiD_048,4,1,jpeg,jpeg_level_1,1,False,0.9108323573774868,1,0.9108323573774868,87.3,review,0,0.04250778198933136
IDRiD_049,2,1,jpeg,jpeg_level_1,1,False,0.5658046511400706,1,0.5658046511400706,94.0,pass,0,0.029629544122789064
IDRiD_050,0,0,jpeg,jpeg_level_1,1,False,0.7120602169875608,1,0.7120602169875608,94.1,review,0,0.03476071912901535
IDRiD_051,2,1,jpeg,jpeg_level_1,1,False,0.38439794097423546,0,0.6156020590257645,84.4,pass,1,0.12614402583575574
IDRiD_052,0,0,jpeg,jpeg_level_1,1,False,0.8578323654198255,1,0.8578323654198255,94.3,pass,0,0.00845101194428255
IDRiD_053,4,1,jpeg,jpeg_level_1,1,False,0.8845144668040472,1,0.8845144668040472,97.9,pass,0,0.018457558851023292
IDRiD_054,0,0,jpeg,jpeg_level_1,1,False,0.8312732534928993,1,0.8312732534928993,86.1,review,0,0.02681131336427567
IDRiD_055,0,0,jpeg,jpeg_level_1,1,False,0.6959403267243176,1,0.6959403267243176,97.8,pass,0,0.09667183381676092
IDRiD_056,0,0,jpeg,jpeg_level_1,1,False,0.5811642744749579,1,0.5811642744749579,95.8,pass,0,0.027089162610217432
IDRiD_057,4,1,jpeg,jpeg_level_1,1,False,0.8918630662220328,1,0.8918630662220328,98.6,pass,0,0.007311711819865008
IDRiD_058,0,0,jpeg,jpeg_level_1,1,False,0.5893374689718601,1,0.5893374689718601,97.2,pass,0,0.06724791964800714
IDRiD_059,2,1,jpeg,jpeg_level_1,1,False,0.874455786348333,1,0.874455786348333,95.9,pass,0,0.028210375532054743
IDRiD_060,3,1,jpeg,jpeg_level_1,1,False,0.17111324909610748,0,0.8288867509038925,98.1,pass,0,0.026321318550690337
IDRiD_061,4,1,jpeg,jpeg_level_1,1,False,0.9180542808756229,1,0.9180542808756229,92.3,pass,0,0.015580817615900022
IDRiD_062,4,1,jpeg,jpeg_level_1,1,False,0.9458142433509782,1,0.9458142433509782,95.3,pass,0,0.014378616077354467
IDRiD_063,1,0,jpeg,jpeg_level_1,1,False,0.5306710955319521,1,0.5306710955319521,92.4,pass,0,0.002914028847427419
IDRiD_064,3,1,jpeg,jpeg_level_1,1,False,0.661490730260998,1,0.661490730260998,97.7,pass,0,0.030527687341333598
IDRiD_065,2,1,jpeg,jpeg_level_1,1,False,0.8998332376882837,1,0.8998332376882837,94.4,review,0,0.03492677259428423
IDRiD_066,3,1,jpeg,jpeg_level_1,1,False,0.7338219492927504,1,0.7338219492927504,92.6,pass,0,0.01854169210160017
IDRiD_067,2,1,jpeg,jpeg_level_1,1,False,0.8879956038208864,1,0.8879956038208864,90.6,pass,0,0.03989040672531696
IDRiD_068,0,0,jpeg,jpeg_level_1,1,False,0.8643899665969755,1,0.8643899665969755,94.7,review,0,0.008516512429298628
IDRiD_069,0,0,jpeg,jpeg_level_1,1,False,0.5902404278368912,1,0.5902404278368912,90.8,pass,0,0.01984272524378128
IDRiD_070,0,0,jpeg,jpeg_level_1,1,False,0.7721321689123228,1,0.7721321689123228,89.3,review,0,0.04214186222912775
IDRiD_071,0,0,jpeg,jpeg_level_1,1,False,0.2243650179456099,0,0.7756349820543901,87.8,review,0,0.016348306964014098
IDRiD_072,2,1,jpeg,jpeg_level_1,1,False,0.975365073411991,1,0.975365073411991,94.7,pass,0,0.0027190434720343326
IDRiD_073,1,0,jpeg,jpeg_level_1,1,False,0.7396581425233391,1,0.7396581425233391,90.1,pass,0,0.016523468451561163
IDRiD_074,1,0,jpeg,jpeg_level_1,1,False,0.4521932100802766,0,0.5478067899197234,98.2,pass,0,0.0005780722529132309
IDRiD_075,0,0,jpeg,jpeg_level_1,1,False,0.39396527612781357,0,0.6060347238721864,92.5,review,0,0.029566787865541955
IDRiD_076,2,1,jpeg,jpeg_level_1,1,False,0.5630412699350437,1,0.5630412699350437,94.0,pass,1,0.08921280985211122
IDRiD_077,0,0,jpeg,jpeg_level_1,1,False,0.755134783579728,1,0.755134783579728,96.4,pass,0,0.0414626554361931
IDRiD_078,0,0,jpeg,jpeg_level_1,1,False,0.5257362304944285,1,0.5257362304944285,97.5,pass,1,0.035003688585774184
IDRiD_079,2,1,jpeg,jpeg_level_1,1,False,0.5640638313654799,1,0.5640638313654799,98.9,pass,0,0.02901891393413558
IDRiD_080,0,0,jpeg,jpeg_level_1,1,False,0.3264940789510557,0,0.6735059210489442,95.8,pass,0,0.007555879311261227
IDRiD_081,2,1,jpeg,jpeg_level_1,1,False,0.7808827602793083,1,0.7808827602793083,90.8,review,0,0.015646506307201324
IDRiD_082,2,1,jpeg,jpeg_level_1,1,False,0.665846902628288,1,0.665846902628288,93.9,pass,0,0.08567252953028148
IDRiD_083,2,1,jpeg,jpeg_level_1,1,False,0.31446310757626084,0,0.6855368924237392,86.9,review,0,0.06170082167978552
IDRiD_084,2,1,jpeg,jpeg_level_1,1,False,0.39268821343669263,0,0.6073117865633073,96.7,pass,0,0.008215986894670901
IDRiD_085,1,0,jpeg,jpeg_level_1,1,False,0.8866539250068607,1,0.8866539250068607,92.6,review,0,0.001010180434986352
IDRiD_086,2,1,jpeg,jpeg_level_1,1,False,0.7076435602713605,1,0.7076435602713605,98.4,pass,0,0.05995930761560553
IDRiD_087,4,1,jpeg,jpeg_level_1,1,False,0.9304282432785278,1,0.9304282432785278,94.6,pass,0,0.01685369556337124
IDRiD_088,2,1,jpeg,jpeg_level_1,1,False,0.8419931705179696,1,0.8419931705179696,98.9,pass,0,0.1183103761365698
IDRiD_089,2,1,jpeg,jpeg_level_1,1,False,0.8233777246836753,1,0.8233777246836753,98.5,pass,0,0.11525606055337745
IDRiD_090,0,0,jpeg,jpeg_level_1,1,False,0.31525349636851435,0,0.6847465036314857,94.2,pass,0,0.11425087487418942
IDRiD_091,2,1,jpeg,jpeg_level_1,1,False,0.9373434497823714,1,0.9373434497823714,95.0,pass,0,0.004477639481124118
IDRiD_092,0,0,jpeg,jpeg_level_1,1,False,0.12073428167178861,0,0.8792657183282114,75.8,review,0,0.0009993206299197255
IDRiD_093,0,0,jpeg,jpeg_level_1,1,False,0.7421171551442663,1,0.7421171551442663,84.5,review,0,0.05998280650194199
IDRiD_094,0,0,jpeg,jpeg_level_1,1,False,0.6918421726657288,1,0.6918421726657288,91.8,pass,0,0.06865294204077688
IDRiD_095,0,0,jpeg,jpeg_level_1,1,False,0.49945373985311664,0,0.5005462601468833,94.1,pass,0,0.01969735256174948
IDRiD_096,0,0,jpeg,jpeg_level_1,1,False,0.5679454702307012,1,0.5679454702307012,98.4,pass,0,0.05502891008512778
IDRiD_097,0,0,jpeg,jpeg_level_1,1,False,0.5780459497400541,1,0.5780459497400541,91.6,pass,0,0.03301578753245615
IDRiD_098,0,0,jpeg,jpeg_level_1,1,False,0.02719222702649552,0,0.9728077729735045,68.8,review,0,0.0061234643810685885
IDRiD_099,0,0,jpeg,jpeg_level_1,1,False,0.22066631120379662,0,0.7793336887962033,97.6,pass,0,0.002508278936214886
IDRiD_100,2,1,jpeg,jpeg_level_1,1,False,0.7293342926088995,1,0.7293342926088995,93.1,pass,0,0.0511689420635697
IDRiD_101,1,0,jpeg,jpeg_level_1,1,False,0.7442180377608937,1,0.7442180377608937,94.0,pass,0,0.04895934510795941
IDRiD_102,2,1,jpeg,jpeg_level_1,1,False,0.9373232442987115,1,0.9373232442987115,89.0,review,0,0.015117393519345046
IDRiD_103,0,0,jpeg,jpeg_level_1,1,False,0.7615444889491474,1,0.7615444889491474,98.0,pass,0,0.12315819978895881
IDRiD_001,4,1,jpeg,jpeg_level_2,2,False,0.12291675523892891,0,0.8770832447610711,61.1,review,0,0.10641423743932345
IDRiD_002,4,1,jpeg,jpeg_level_2,2,False,0.44563045173294435,0,0.5543695482670556,81.3,review,1,0.2142166692204751
IDRiD_003,4,1,jpeg,jpeg_level_2,2,False,0.6532305669020543,1,0.6532305669020543,84.6,review,0,0.16025173389625869
IDRiD_004,4,1,jpeg,jpeg_level_2,2,False,0.5480853535460312,1,0.5480853535460312,97.2,pass,0,0.04512905262505462
IDRiD_005,4,1,jpeg,jpeg_level_2,2,False,0.36824301411881044,0,0.6317569858811896,85.3,review,1,0.2086965135859724
IDRiD_006,3,1,jpeg,jpeg_level_2,2,False,0.5626778758977679,1,0.5626778758977679,97.9,pass,0,0.15347449119273582
IDRiD_007,3,1,jpeg,jpeg_level_2,2,False,0.7956761473104068,1,0.7956761473104068,92.2,pass,0,0.09898251996944052
IDRiD_008,2,1,jpeg,jpeg_level_2,2,False,0.3956991929124315,0,0.6043008070875685,97.3,pass,0,0.0051727887617616375
IDRiD_009,2,1,jpeg,jpeg_level_2,2,False,0.7731612996404613,1,0.7731612996404613,90.2,pass,0,0.08754741911355424
IDRiD_010,2,1,jpeg,jpeg_level_2,2,False,0.49973417684297916,0,0.5002658231570208,97.0,pass,1,0.12502186683314243
IDRiD_011,2,1,jpeg,jpeg_level_2,2,False,0.5764450916696515,1,0.5764450916696515,89.2,pass,0,0.091290922664642
IDRiD_012,2,1,jpeg,jpeg_level_2,2,False,0.4916012164880056,0,0.5083987835119944,98.6,pass,0,0.06279996731020931
IDRiD_013,3,1,jpeg,jpeg_level_2,2,False,0.8545342276293402,1,0.8545342276293402,92.6,pass,0,0.06202202495095532
IDRiD_014,3,1,jpeg,jpeg_level_2,2,False,0.9020562315805855,1,0.9020562315805855,90.8,review,0,0.060907997861659124
IDRiD_015,2,1,jpeg,jpeg_level_2,2,False,0.8935488731211118,1,0.8935488731211118,93.1,pass,0,0.05874403927363103
IDRiD_016,3,1,jpeg,jpeg_level_2,2,False,0.8187652928723341,1,0.8187652928723341,93.6,pass,0,0.08011091814259697
IDRiD_017,2,1,jpeg,jpeg_level_2,2,False,0.2564704944543407,0,0.7435295055456592,84.1,review,1,0.2488343589427166
IDRiD_018,3,1,jpeg,jpeg_level_2,2,False,0.4979134663080379,0,0.5020865336919621,96.2,pass,1,0.10356170555808908
IDRiD_019,2,1,jpeg,jpeg_level_2,2,False,0.45197532846268784,0,0.5480246715373122,96.3,pass,1,0.27330573653193213
IDRiD_020,2,1,jpeg,jpeg_level_2,2,False,0.45865731607013605,0,0.541342683929864,97.2,pass,0,0.028182149981913374
IDRiD_021,3,1,jpeg,jpeg_level_2,2,False,0.945756448400922,1,0.945756448400922,93.9,review,0,0.04136400432563325
IDRiD_022,3,1,jpeg,jpeg_level_2,2,False,0.9589402529174069,1,0.9589402529174069,93.2,pass,0,0.020163351714201916
IDRiD_023,2,1,jpeg,jpeg_level_2,2,False,0.3183809478684605,0,0.6816190521315395,92.3,review,0,0.13642906356363343
IDRiD_024,2,1,jpeg,jpeg_level_2,2,False,0.7494347568108125,1,0.7494347568108125,75.6,review,0,0.11924046854468384
IDRiD_025,3,1,jpeg,jpeg_level_2,2,False,0.643485143963584,1,0.643485143963584,94.6,pass,0,0.1652234467048702
IDRiD_026,3,1,jpeg,jpeg_level_2,2,False,0.6196472007242567,1,0.6196472007242567,95.4,pass,0,0.10426026862000148
IDRiD_027,3,1,jpeg,jpeg_level_2,2,False,0.7678203334903703,1,0.7678203334903703,91.7,pass,0,0.08796725497489
IDRiD_028,2,1,jpeg,jpeg_level_2,2,False,0.8326339581471152,1,0.8326339581471152,98.1,pass,0,0.06809632613932104
IDRiD_029,0,0,jpeg,jpeg_level_2,2,False,0.11628196592461697,0,0.8837180340753831,90.5,review,0,0.04274063217274625
IDRiD_030,0,0,jpeg,jpeg_level_2,2,False,0.15060672436709246,0,0.8493932756329076,97.5,pass,0,0.06257829415666202
IDRiD_031,3,1,jpeg,jpeg_level_2,2,False,0.7292740029505143,1,0.7292740029505143,97.5,pass,0,0.06445979901505183
IDRiD_032,4,1,jpeg,jpeg_level_2,2,False,0.6486448336927962,1,0.6486448336927962,97.4,pass,0,0.11716930859115726
IDRiD_033,2,1,jpeg,jpeg_level_2,2,False,0.44554804198265224,0,0.5544519580173477,95.0,pass,1,0.22726267840923736
IDRiD_034,3,1,jpeg,jpeg_level_2,2,False,0.7186082249065379,1,0.7186082249065379,99.7,pass,0,0.01416191740640349
IDRiD_035,3,1,jpeg,jpeg_level_2,2,False,0.6431516313345167,1,0.6431516313345167,99.4,pass,0,0.010075553916184421
IDRiD_036,3,1,jpeg,jpeg_level_2,2,False,0.7560828931522934,1,0.7560828931522934,94.1,pass,0,0.026496088301974474
IDRiD_037,0,0,jpeg,jpeg_level_2,2,False,0.41709354263111553,0,0.5829064573688845,98.1,pass,0,0.05955745749781255
IDRiD_038,0,0,jpeg,jpeg_level_2,2,False,0.6278205562102827,1,0.6278205562102827,94.0,pass,0,0.07138453398349864
IDRiD_039,0,0,jpeg,jpeg_level_2,2,False,0.7578799304116169,1,0.7578799304116169,94.9,pass,0,0.05869511767862867
IDRiD_040,4,1,jpeg,jpeg_level_2,2,False,0.8140929906611367,1,0.8140929906611367,95.5,pass,0,0.08409148144499401
IDRiD_041,0,0,jpeg,jpeg_level_2,2,False,0.6116645990466834,1,0.6116645990466834,90.0,review,0,0.11362953926650055
IDRiD_042,3,1,jpeg,jpeg_level_2,2,False,0.9481850728517228,1,0.9481850728517228,92.2,pass,0,0.009260253651861783
IDRiD_043,0,0,jpeg,jpeg_level_2,2,False,0.47979308448529306,0,0.5202069155147069,95.1,pass,1,0.10374060486083031
IDRiD_044,0,0,jpeg,jpeg_level_2,2,False,0.25792334272385975,0,0.7420766572761403,98.0,pass,0,0.057727860177307744
IDRiD_045,0,0,jpeg,jpeg_level_2,2,False,0.5490883149250585,1,0.5490883149250585,95.6,pass,0,0.16634395450442563
IDRiD_046,2,1,jpeg,jpeg_level_2,2,False,0.6393608593091951,1,0.6393608593091951,90.2,review,0,0.17738556136392247
IDRiD_047,0,0,jpeg,jpeg_level_2,2,False,0.3737026326178137,0,0.6262973673821863,98.7,pass,1,0.25624184678641265
IDRiD_048,4,1,jpeg,jpeg_level_2,2,False,0.6736173964226022,1,0.6736173964226022,88.9,review,0,0.19470717896555323
IDRiD_049,2,1,jpeg,jpeg_level_2,2,False,0.30981413672694363,0,0.6901858632730564,93.7,pass,1,0.22636097029033792
IDRiD_050,0,0,jpeg,jpeg_level_2,2,False,0.5622927250975506,1,0.5622927250975506,95.4,pass,0,0.11500677276099491
IDRiD_051,2,1,jpeg,jpeg_level_2,2,False,0.28056007489780743,0,0.7194399251021926,83.8,pass,1,0.22998189191218377
IDRiD_052,0,0,jpeg,jpeg_level_2,2,False,0.6480668977657018,1,0.6480668977657018,95.7,pass,0,0.2182164795984063
IDRiD_053,4,1,jpeg,jpeg_level_2,2,False,0.8175622825468057,1,0.8175622825468057,98.3,pass,0,0.048494625406218184
IDRiD_054,0,0,jpeg,jpeg_level_2,2,False,0.5610005268357989,1,0.5610005268357989,88.7,review,0,0.297084040021376
IDRiD_055,0,0,jpeg,jpeg_level_2,2,False,0.46804472086356813,0,0.5319552791364319,97.7,pass,1,0.13122377204398855
IDRiD_056,0,0,jpeg,jpeg_level_2,2,False,0.5170401100242865,1,0.5170401100242865,96.2,pass,0,0.03703500184045394
IDRiD_057,4,1,jpeg,jpeg_level_2,2,False,0.8741917500201939,1,0.8741917500201939,98.6,pass,0,0.01035960438197392
IDRiD_058,0,0,jpeg,jpeg_level_2,2,False,0.5345191165171943,1,0.5345191165171943,97.2,pass,0,0.12206627210267296
IDRiD_059,2,1,jpeg,jpeg_level_2,2,False,0.7416162761973051,1,0.7416162761973051,94.9,pass,0,0.10462913461897316
IDRiD_060,3,1,jpeg,jpeg_level_2,2,False,0.15074762718047413,0,0.8492523728195258,98.4,pass,0,0.0059556966350569895
IDRiD_061,4,1,jpeg,jpeg_level_2,2,False,0.8308385627926927,1,0.8308385627926927,92.9,pass,0,0.10279653569883018
IDRiD_062,4,1,jpeg,jpeg_level_2,2,False,0.7598877790592836,1,0.7598877790592836,96.5,pass,0,0.1715478482143401
IDRiD_063,1,0,jpeg,jpeg_level_2,2,False,0.5999554045268729,1,0.5999554045268729,92.8,pass,0,0.06637028014749335
IDRiD_064,3,1,jpeg,jpeg_level_2,2,False,0.6260874443919545,1,0.6260874443919545,97.9,pass,0,0.06593097321037711
IDRiD_065,2,1,jpeg,jpeg_level_2,2,False,0.7999565540792934,1,0.7999565540792934,96.2,pass,0,0.06494991101470604
IDRiD_066,3,1,jpeg,jpeg_level_2,2,False,0.6880776268189168,1,0.6880776268189168,92.1,pass,0,0.0642860145754337
IDRiD_067,2,1,jpeg,jpeg_level_2,2,False,0.7883039243107878,1,0.7883039243107878,90.2,pass,0,0.13958208623541557
IDRiD_068,0,0,jpeg,jpeg_level_2,2,False,0.772414705686275,1,0.772414705686275,96.2,pass,0,0.08345874848140189
IDRiD_069,0,0,jpeg,jpeg_level_2,2,False,0.4890157002214474,0,0.5109842997785525,90.1,pass,1,0.08138200237166254
IDRiD_070,0,0,jpeg,jpeg_level_2,2,False,0.6460263969472756,1,0.6460263969472756,91.9,pass,0,0.0839639097359195
IDRiD_071,0,0,jpeg,jpeg_level_2,2,False,0.15690745081078616,0,0.8430925491892138,87.3,pass,0,0.051109260170809634
IDRiD_072,2,1,jpeg,jpeg_level_2,2,False,0.9570116988526512,1,0.9570116988526512,95.1,pass,0,0.02107241803137405
IDRiD_073,1,0,jpeg,jpeg_level_2,2,False,0.5620843747673836,1,0.5620843747673836,89.3,pass,0,0.19409723620751662
IDRiD_074,1,0,jpeg,jpeg_level_2,2,False,0.48186234851168813,0,0.5181376514883118,98.1,pass,0,0.030247210684324788
IDRiD_075,0,0,jpeg,jpeg_level_2,2,False,0.4006087621096408,0,0.5993912378903592,93.9,pass,0,0.03621027384736919
IDRiD_076,2,1,jpeg,jpeg_level_2,2,False,0.3051616978787744,0,0.6948383021212257,95.1,pass,0,0.16866676220415805
IDRiD_077,0,0,jpeg,jpeg_level_2,2,False,0.4721231270500653,0,0.5278768729499347,97.1,pass,1,0.24154900109346955
IDRiD_078,0,0,jpeg,jpeg_level_2,2,False,0.43766809691728953,0,0.5623319030827105,98.3,pass,0,0.05306444499136481
IDRiD_079,2,1,jpeg,jpeg_level_2,2,False,0.523322063986864,1,0.523322063986864,99.2,pass,0,0.011722853444480319
IDRiD_080,0,0,jpeg,jpeg_level_2,2,False,0.2548847011519637,0,0.7451152988480363,97.1,pass,0,0.07916525711035322
IDRiD_081,2,1,jpeg,jpeg_level_2,2,False,0.7315966363292195,1,0.7315966363292195,90.5,review,0,0.033639617642887476
IDRiD_082,2,1,jpeg,jpeg_level_2,2,False,0.4999782974289696,0,0.5000217025710304,93.4,pass,1,0.08019607566903697
IDRiD_083,2,1,jpeg,jpeg_level_2,2,False,0.49024637444466734,0,0.5097536255553327,85.7,review,0,0.11408244518862098
IDRiD_084,2,1,jpeg,jpeg_level_2,2,False,0.29547412327969097,0,0.7045258767203091,97.0,pass,0,0.08899810326233076
IDRiD_085,1,0,jpeg,jpeg_level_2,2,False,0.7832083288925241,1,0.7832083288925241,94.0,pass,0,0.10445577654932292
IDRiD_086,2,1,jpeg,jpeg_level_2,2,False,0.5656653031106865,1,0.5656653031106865,99.0,pass,0,0.0820189495450685
IDRiD_087,4,1,jpeg,jpeg_level_2,2,False,0.8557964626734792,1,0.8557964626734792,94.6,pass,0,0.09148547616841984
IDRiD_088,2,1,jpeg,jpeg_level_2,2,False,0.8273924256883023,1,0.8273924256883023,98.9,pass,0,0.10370963130690247
IDRiD_089,2,1,jpeg,jpeg_level_2,2,False,0.7867744478164252,1,0.7867744478164252,98.5,pass,0,0.07865278368612738
IDRiD_090,0,0,jpeg,jpeg_level_2,2,False,0.2805142514146281,0,0.7194857485853718,94.2,pass,0,0.07951162992030317
IDRiD_091,2,1,jpeg,jpeg_level_2,2,False,0.9092401674688331,1,0.9092401674688331,94.8,pass,0,0.023625642832414195
IDRiD_092,0,0,jpeg,jpeg_level_2,2,False,0.05703640606221634,0,0.9429635939377836,75.8,review,0,0.064697196239492
IDRiD_093,0,0,jpeg,jpeg_level_2,2,False,0.6070529321361176,1,0.6070529321361176,83.4,review,0,0.19504702951009079
IDRiD_094,0,0,jpeg,jpeg_level_2,2,False,0.4036133391708975,0,0.5963866608291025,93.7,pass,1,0.3568817755356082
IDRiD_095,0,0,jpeg,jpeg_level_2,2,False,0.31929009766547745,0,0.6807099023345226,95.5,pass,0,0.1604662896258897
IDRiD_096,0,0,jpeg,jpeg_level_2,2,False,0.45592104514593695,0,0.544078954854063,98.9,pass,1,0.056995514999636454
IDRiD_097,0,0,jpeg,jpeg_level_2,2,False,0.2768477081330619,0,0.7231522918669381,92.0,pass,1,0.268182454074536
IDRiD_098,0,0,jpeg,jpeg_level_2,2,False,0.011747138247898439,0,0.9882528617521016,68.6,review,0,0.02156855315966567
IDRiD_099,0,0,jpeg,jpeg_level_2,2,False,0.2082059421780643,0,0.7917940578219357,97.4,pass,0,0.009952090089517446
IDRiD_100,2,1,jpeg,jpeg_level_2,2,False,0.7211206439939273,1,0.7211206439939273,92.4,pass,0,0.0593825906785419
IDRiD_101,1,0,jpeg,jpeg_level_2,2,False,0.6598917582332432,1,0.6598917582332432,93.8,pass,0,0.1332856246356099
IDRiD_102,2,1,jpeg,jpeg_level_2,2,False,0.9178161665616974,1,0.9178161665616974,88.5,review,0,0.034624471256359146
IDRiD_103,0,0,jpeg,jpeg_level_2,2,False,0.6241515984880678,1,0.6241515984880678,99.1,pass,0,0.014234690672120798
IDRiD_001,4,1,jpeg,jpeg_level_3,3,False,0.0426771499882293,0,0.9573228500117708,61.0,review,0,0.18665384269002305
IDRiD_002,4,1,jpeg,jpeg_level_3,3,False,0.1826512218567921,0,0.8173487781432078,81.8,pass,1,0.47719589909662735
IDRiD_003,4,1,jpeg,jpeg_level_3,3,False,0.27042378173305687,0,0.7295762182669432,86.0,pass,1,0.5430585190652562
IDRiD_004,4,1,jpeg,jpeg_level_3,3,False,0.25253826968312026,0,0.7474617303168798,97.2,pass,1,0.2504180312378563
IDRiD_005,4,1,jpeg,jpeg_level_3,3,False,0.10946781903286892,0,0.890532180967131,86.9,review,1,0.4674717086719139
IDRiD_006,3,1,jpeg,jpeg_level_3,3,False,0.5053088489251844,1,0.5053088489251844,95.2,pass,0,0.21084351816531932
IDRiD_007,3,1,jpeg,jpeg_level_3,3,False,0.4320312589212835,0,0.5679687410787164,94.2,pass,1,0.4626274083585638
IDRiD_008,2,1,jpeg,jpeg_level_3,3,False,0.684500876870697,1,0.684500876870697,89.7,review,1,0.2836288951965039
IDRiD_009,2,1,jpeg,jpeg_level_3,3,False,0.4235472328201303,0,0.5764527671798697,90.7,pass,1,0.43716148593388526
IDRiD_010,2,1,jpeg,jpeg_level_3,3,False,0.3715990957870111,0,0.6284009042129889,95.1,pass,1,0.2531569478891105
IDRiD_011,2,1,jpeg,jpeg_level_3,3,False,0.2384036177538682,0,0.7615963822461318,90.3,pass,1,0.4293323965804253
IDRiD_012,2,1,jpeg,jpeg_level_3,3,False,0.43164282002464976,0,0.5683571799753502,98.0,pass,0,0.0028415708468534917
IDRiD_013,3,1,jpeg,jpeg_level_3,3,False,0.9380713374147825,1,0.9380713374147825,87.5,review,0,0.021515084834487053
IDRiD_014,3,1,jpeg,jpeg_level_3,3,False,0.8908785996337997,1,0.8908785996337997,88.3,review,0,0.0720856298084449
IDRiD_015,2,1,jpeg,jpeg_level_3,3,False,0.7908571522931922,1,0.7908571522931922,92.5,pass,0,0.16143576010155058
IDRiD_016,3,1,jpeg,jpeg_level_3,3,False,0.5782912227659577,1,0.5782912227659577,93.1,pass,0,0.3205849882489734
IDRiD_017,2,1,jpeg,jpeg_level_3,3,False,0.12112320970566655,0,0.8788767902943334,84.4,review,1,0.3841816436913908
IDRiD_018,3,1,jpeg,jpeg_level_3,3,False,0.5416863752266922,1,0.5416863752266922,86.0,review,0,0.059788796639434816
IDRiD_019,2,1,jpeg,jpeg_level_3,3,False,0.7144723502812717,1,0.7144723502812717,86.1,review,0,0.010808714713348322
IDRiD_020,2,1,jpeg,jpeg_level_3,3,False,0.5812593158155401,1,0.5812593158155401,87.4,review,1,0.15078414972731746
IDRiD_021,3,1,jpeg,jpeg_level_3,3,False,0.9708472547575415,1,0.9708472547575415,89.4,review,0,0.01627319796901372
IDRiD_022,3,1,jpeg,jpeg_level_3,3,False,0.9296477473450085,1,0.9296477473450085,86.8,review,0,0.04945585728660029
IDRiD_023,2,1,jpeg,jpeg_level_3,3,False,0.7210473773793378,1,0.7210473773793378,84.7,review,1,0.26623736594724384
IDRiD_024,2,1,jpeg,jpeg_level_3,3,False,0.35388277209392605,0,0.646117227906074,78.4,review,1,0.5147924532615703
IDRiD_025,3,1,jpeg,jpeg_level_3,3,False,0.7726946122548328,1,0.7726946122548328,84.5,review,0,0.03601397841362142
IDRiD_026,3,1,jpeg,jpeg_level_3,3,False,0.6588818215133001,1,0.6588818215133001,87.4,review,0,0.0650256478309581
IDRiD_027,3,1,jpeg,jpeg_level_3,3,False,0.47200361749433617,0,0.5279963825056638,84.2,review,1,0.3837839709709241
IDRiD_028,2,1,jpeg,jpeg_level_3,3,False,0.861026559098665,1,0.861026559098665,90.0,review,0,0.03970372518777121
IDRiD_029,0,0,jpeg,jpeg_level_3,3,False,0.516352068989937,1,0.516352068989937,79.2,review,1,0.35732947089257383
IDRiD_030,0,0,jpeg,jpeg_level_3,3,False,0.4228855875644816,0,0.5771144124355184,86.5,review,0,0.2097005690407271
IDRiD_031,3,1,jpeg,jpeg_level_3,3,False,0.6234869101933189,1,0.6234869101933189,91.0,review,0,0.17024689177224717
IDRiD_032,4,1,jpeg,jpeg_level_3,3,False,0.6693542590670992,1,0.6693542590670992,89.4,review,0,0.09645988321685428
IDRiD_033,2,1,jpeg,jpeg_level_3,3,False,0.8068778227824446,1,0.8068778227824446,84.6,review,0,0.13406710239055497
IDRiD_034,3,1,jpeg,jpeg_level_3,3,False,0.524725737491281,1,0.524725737491281,95.0,review,0,0.2080444048216603
IDRiD_035,3,1,jpeg,jpeg_level_3,3,False,0.7286983621069999,1,0.7286983621069999,89.2,review,0,0.09562228468866762
IDRiD_036,3,1,jpeg,jpeg_level_3,3,False,0.668958280146833,1,0.668958280146833,81.6,review,0,0.11362070130743485
IDRiD_037,0,0,jpeg,jpeg_level_3,3,False,0.575277074119351,1,0.575277074119351,88.1,review,1,0.09862607399042295
IDRiD_038,0,0,jpeg,jpeg_level_3,3,False,0.33401129482989367,0,0.6659887051701063,93.0,pass,1,0.36519379536388763
IDRiD_039,0,0,jpeg,jpeg_level_3,3,False,0.4415864236097876,0,0.5584135763902124,91.5,pass,1,0.374988624480458
IDRiD_040,4,1,jpeg,jpeg_level_3,3,False,0.7920266459147326,1,0.7920266459147326,83.5,review,0,0.10615782619139813
IDRiD_041,0,0,jpeg,jpeg_level_3,3,False,0.36610208597525346,0,0.6338979140247465,80.9,review,1,0.35919205233793045
IDRiD_042,3,1,jpeg,jpeg_level_3,3,False,0.6526395207933818,1,0.6526395207933818,79.2,review,0,0.30480580571020277
IDRiD_043,0,0,jpeg,jpeg_level_3,3,False,0.3314120565543214,0,0.6685879434456786,78.4,review,1,0.252121632791802
IDRiD_044,0,0,jpeg,jpeg_level_3,3,False,0.2925360649859915,0,0.7074639350140085,85.8,review,0,0.023115137915176
IDRiD_045,0,0,jpeg,jpeg_level_3,3,False,0.5868233292748687,1,0.5868233292748687,82.1,review,0,0.12860894015461544
IDRiD_046,2,1,jpeg,jpeg_level_3,3,False,0.15951864635190516,0,0.8404813536480948,81.5,review,1,0.6572277743212124
IDRiD_047,0,0,jpeg,jpeg_level_3,3,False,0.4655215404637567,0,0.5344784595362433,83.9,review,1,0.16442293894046967
IDRiD_048,4,1,jpeg,jpeg_level_3,3,False,0.31384610031402027,0,0.6861538996859797,79.5,review,1,0.5544784750741352
IDRiD_049,2,1,jpeg,jpeg_level_3,3,False,0.2876662679721092,0,0.7123337320278909,87.1,review,1,0.24850883904517235
IDRiD_050,0,0,jpeg,jpeg_level_3,3,False,0.4043999280139972,0,0.5956000719860028,83.4,review,1,0.2728995698445483
IDRiD_051,2,1,jpeg,jpeg_level_3,3,False,0.1302510942312314,0,0.8697489057687686,82.3,pass,1,0.3802908725787598
IDRiD_052,0,0,jpeg,jpeg_level_3,3,False,0.6659823135092552,1,0.6659823135092552,82.9,review,0,0.2003010638548529
IDRiD_053,4,1,jpeg,jpeg_level_3,3,False,0.7294054360265056,1,0.7294054360265056,90.7,review,0,0.13665147192651828
IDRiD_054,0,0,jpeg,jpeg_level_3,3,False,0.21695248339388704,0,0.7830475166061129,80.8,review,1,0.6411320834632879
IDRiD_055,0,0,jpeg,jpeg_level_3,3,False,0.49055504066891,0,0.50944495933109,89.6,review,1,0.1087134522386467
IDRiD_056,0,0,jpeg,jpeg_level_3,3,False,0.4273602925485987,0,0.5726397074514014,82.7,review,1,0.12671481931614176
IDRiD_057,4,1,jpeg,jpeg_level_3,3,False,0.7245786238524234,1,0.7245786238524234,89.4,review,0,0.15997273054974437
IDRiD_058,0,0,jpeg,jpeg_level_3,3,False,0.37965654402223664,0,0.6203434559777634,91.1,review,1,0.2769288445976306
IDRiD_059,2,1,jpeg,jpeg_level_3,3,False,0.8037741577257762,1,0.8037741577257762,88.9,review,0,0.04247125309050204
IDRiD_060,3,1,jpeg,jpeg_level_3,3,False,0.3106701711731242,0,0.6893298288268759,85.8,review,0,0.16587824062770704
IDRiD_061,4,1,jpeg,jpeg_level_3,3,False,0.7074799519646275,1,0.7074799519646275,84.2,review,0,0.2261551465268954
IDRiD_062,4,1,jpeg,jpeg_level_3,3,False,0.6505535219946793,1,0.6505535219946793,85.5,review,0,0.2808821052789444
IDRiD_063,1,0,jpeg,jpeg_level_3,3,False,0.461486096440909,0,0.538513903559091,80.6,review,1,0.07209902793847056
IDRiD_064,3,1,jpeg,jpeg_level_3,3,False,0.6608578436479164,1,0.6608578436479164,88.1,review,0,0.031160573954415183
IDRiD_065,2,1,jpeg,jpeg_level_3,3,False,0.5816903855872174,1,0.5816903855872174,88.8,review,0,0.28321607950678207
IDRiD_066,3,1,jpeg,jpeg_level_3,3,False,0.5084801657982992,1,0.5084801657982992,88.3,review,0,0.24388347559605128
IDRiD_067,2,1,jpeg,jpeg_level_3,3,False,0.8661767830232339,1,0.8661767830232339,84.5,review,0,0.06170922752296948
IDRiD_068,0,0,jpeg,jpeg_level_3,3,False,0.6665455181524929,1,0.6665455181524929,84.9,review,0,0.18932793601518405
IDRiD_069,0,0,jpeg,jpeg_level_3,3,False,0.2341568481830051,0,0.7658431518169949,90.0,pass,1,0.3362408544101049
IDRiD_070,0,0,jpeg,jpeg_level_3,3,False,0.570975226251424,1,0.570975226251424,78.9,review,0,0.15901508043177104
IDRiD_071,0,0,jpeg,jpeg_level_3,3,False,0.06583918690225152,0,0.9341608130977485,86.7,review,0,0.14217752407934428
IDRiD_072,2,1,jpeg,jpeg_level_3,3,False,0.9107952773118655,1,0.9107952773118655,91.5,review,0,0.06728883957215981
IDRiD_073,1,0,jpeg,jpeg_level_3,3,False,0.3804751450539502,0,0.6195248549460498,86.8,pass,1,0.37570646592095003
IDRiD_074,1,0,jpeg,jpeg_level_3,3,False,0.3036258882465458,0,0.6963741117534542,86.8,review,0,0.14798924958081755
IDRiD_075,0,0,jpeg,jpeg_level_3,3,False,0.1622884408038462,0,0.8377115591961538,87.4,review,0,0.20211004745842542
IDRiD_076,2,1,jpeg,jpeg_level_3,3,False,0.30526803222708737,0,0.6947319677729127,85.2,review,0,0.16856042785584507
IDRiD_077,0,0,jpeg,jpeg_level_3,3,False,0.5978366291601528,1,0.5978366291601528,86.4,review,0,0.11583549898338208
IDRiD_078,0,0,jpeg,jpeg_level_3,3,False,0.37325509169477583,0,0.6267449083052241,88.2,review,0,0.11747745021387851
IDRiD_079,2,1,jpeg,jpeg_level_3,3,False,0.4305104980030487,0,0.5694895019969513,89.9,review,1,0.10453441942829561
IDRiD_080,0,0,jpeg,jpeg_level_3,3,False,0.20413723793156321,0,0.7958627620684368,83.7,review,0,0.1299127203307537
IDRiD_081,2,1,jpeg,jpeg_level_3,3,False,0.20502360799089728,0,0.7949763920091028,85.0,review,1,0.5602126459812097
IDRiD_082,2,1,jpeg,jpeg_level_3,3,False,0.35397468895888456,0,0.6460253110411154,88.1,review,1,0.226199684139122
IDRiD_083,2,1,jpeg,jpeg_level_3,3,False,0.1365892770207685,0,0.8634107229792315,85.6,review,0,0.23957465223527785
IDRiD_084,2,1,jpeg,jpeg_level_3,3,False,0.24734417701272632,0,0.7526558229872737,87.9,review,0,0.13712804952929541
IDRiD_085,1,0,jpeg,jpeg_level_3,3,False,0.6206850451309294,1,0.6206850451309294,81.5,review,0,0.26697906031091767
IDRiD_086,2,1,jpeg,jpeg_level_3,3,False,0.5877372465303325,1,0.5877372465303325,89.4,review,0,0.059947006125422475
IDRiD_087,4,1,jpeg,jpeg_level_3,3,False,0.6503947391953356,1,0.6503947391953356,78.2,review,0,0.2968871996465634
IDRiD_088,2,1,jpeg,jpeg_level_3,3,False,0.6675456441315396,1,0.6675456441315396,99.0,pass,0,0.05613715024986021
IDRiD_089,2,1,jpeg,jpeg_level_3,3,False,0.5094292087536433,1,0.5094292087536433,99.0,pass,0,0.1986924553766546
IDRiD_090,0,0,jpeg,jpeg_level_3,3,False,0.1023024662931272,0,0.8976975337068728,94.6,pass,0,0.09870015520119774
IDRiD_091,2,1,jpeg,jpeg_level_3,3,False,0.645541561501615,1,0.645541561501615,95.4,pass,0,0.28732424879963225
IDRiD_092,0,0,jpeg,jpeg_level_3,3,False,0.04551336340015581,0,0.9544866365998442,72.1,review,0,0.07622023890155252
IDRiD_093,0,0,jpeg,jpeg_level_3,3,False,0.5160214900441471,1,0.5160214900441471,74.9,review,0,0.28607847160206124
IDRiD_094,0,0,jpeg,jpeg_level_3,3,False,0.30622709805740594,0,0.693772901942594,75.3,review,1,0.4542680166490997
IDRiD_095,0,0,jpeg,jpeg_level_3,3,False,0.27627741190654603,0,0.7237225880934539,75.0,review,0,0.20347897538482113
IDRiD_096,0,0,jpeg,jpeg_level_3,3,False,0.34185127657930536,0,0.6581487234206946,82.2,review,1,0.17106528356626804
IDRiD_097,0,0,jpeg,jpeg_level_3,3,False,0.39457328230652633,0,0.6054267176934737,72.2,review,1,0.1504568799010716
IDRiD_098,0,0,jpeg,jpeg_level_3,3,False,0.05452026697826536,0,0.9454797330217346,67.9,review,0,0.021204575570701253
IDRiD_099,0,0,jpeg,jpeg_level_3,3,False,0.4817953151378577,0,0.5182046848621422,84.0,review,0,0.263637282870276
IDRiD_100,2,1,jpeg,jpeg_level_3,3,False,0.4091854401914657,0,0.5908145598085344,78.2,review,1,0.3713177944810035
IDRiD_101,1,0,jpeg,jpeg_level_3,3,False,0.43560912689907705,0,0.564390873100923,77.6,review,1,0.35756825596977604
IDRiD_102,2,1,jpeg,jpeg_level_3,3,False,0.09448249652977243,0,0.9055175034702275,76.7,review,1,0.8579581412882841
IDRiD_103,0,0,jpeg,jpeg_level_3,3,False,0.28969279528544906,0,0.7103072047145509,79.1,review,1,0.3486934938747395
